bin_lo,bin_hi,count,PDF_dex^-1,Sample_key
11.600000000000001,11.8,2,0.003226847370119405,baseline
11.8,12.0,7,0.011293965795417917,baseline
12.0,12.2,21,0.03388189738625375,baseline
12.2,12.399999999999999,51,0.08228460793804482,baseline
12.399999999999999,12.599999999999998,95,0.15327525008067172,baseline
12.599999999999998,12.799999999999997,125,0.2016779606324628,baseline
12.799999999999997,12.999999999999996,187,0.30171022910616435,baseline
12.999999999999996,13.199999999999996,233,0.37592771861891067,baseline
13.199999999999996,13.399999999999995,267,0.43078412391094056,baseline
13.399999999999995,13.599999999999994,280,0.45175863181671666,baseline
13.599999999999994,13.799999999999994,326,0.525976121329463,baseline
13.799999999999994,13.999999999999993,373,0.601807034527269,baseline
13.999999999999993,14.199999999999992,340,0.5485640529202989,baseline
14.199999999999992,14.399999999999991,297,0.47918683446273164,baseline
14.399999999999991,14.59999999999999,232,0.374314294933851,baseline
14.59999999999999,14.79999999999999,110,0.17747660535656726,baseline
14.79999999999999,14.99999999999999,80,0.12907389480477618,baseline
14.99999999999999,15.199999999999989,73,0.11777992900935827,baseline
15.199999999999989,15.399999999999988,0,0.0,baseline
11.600000000000001,11.8,2,0.0032278889606197664,properties_parent
11.8,12.0,7,0.011297611362169183,properties_parent
12.0,12.2,21,0.03389283408650755,properties_parent
12.2,12.399999999999999,51,0.08231116849580404,properties_parent
12.399999999999999,12.599999999999998,95,0.1533247256294389,properties_parent
12.599999999999998,12.799999999999997,125,0.2017430600387354,properties_parent
12.799999999999997,12.999999999999996,187,0.3018076178179482,properties_parent
12.999999999999996,13.199999999999996,233,0.3760490639122028,properties_parent
13.199999999999996,13.399999999999995,267,0.4309231762427388,properties_parent
13.399999999999995,13.599999999999994,279,0.4502905100064574,properties_parent
13.599999999999994,13.799999999999994,326,0.526145900581022,properties_parent
13.799999999999994,13.999999999999993,373,0.6020012911555864,properties_parent
13.999999999999993,14.199999999999992,340,0.5487411233053603,properties_parent
14.199999999999992,14.399999999999991,297,0.4793415106520353,properties_parent
14.399999999999991,14.59999999999999,232,0.3744351194318929,properties_parent
14.59999999999999,14.79999999999999,110,0.17753389283408716,properties_parent
14.79999999999999,14.99999999999999,80,0.12911555842479067,properties_parent
14.99999999999999,15.199999999999989,73,0.11781794706262147,properties_parent
15.199999999999989,15.399999999999988,0,0.0,properties_parent
11.600000000000001,11.8,0,0.0,high_mstar
11.8,12.0,0,0.0,high_mstar
12.0,12.2,9,0.04356243949661197,high_mstar
12.2,12.399999999999999,9,0.04356243949661197,high_mstar
12.399999999999999,12.599999999999998,29,0.14036786060019413,high_mstar
12.599999999999998,12.799999999999997,33,0.15972894482091055,high_mstar
12.799999999999997,12.999999999999996,55,0.26621490803485093,high_mstar
12.999999999999996,13.199999999999996,79,0.3823814133591495,high_mstar
13.199999999999996,13.399999999999995,79,0.3823814133591495,high_mstar
13.399999999999995,13.599999999999994,99,0.47918683446273164,high_mstar
13.599999999999994,13.799999999999994,120,0.5808325266214929,high_mstar
13.799999999999994,13.999999999999993,133,0.6437560503388213,high_mstar
13.999999999999993,14.199999999999992,113,0.5469506292352392,high_mstar
14.199999999999992,14.399999999999991,95,0.4598257502420152,high_mstar
14.399999999999991,14.59999999999999,91,0.4404646660212988,high_mstar
14.59999999999999,14.79999999999999,35,0.16940948693126875,high_mstar
14.79999999999999,14.99999999999999,24,0.11616650532429858,high_mstar
14.99999999999999,15.199999999999989,30,0.14520813165537322,high_mstar
15.199999999999989,15.399999999999988,0,0.0,high_mstar
11.600000000000001,11.8,0,0.0,high_sfr
11.8,12.0,0,0.0,high_sfr
12.0,12.2,7,0.03388189738625375,high_sfr
12.2,12.399999999999999,8,0.03872216844143286,high_sfr
12.399999999999999,12.599999999999998,26,0.1258470474346568,high_sfr
12.599999999999998,12.799999999999997,32,0.15488867376573143,high_sfr
12.799999999999997,12.999999999999996,47,0.22749273959341806,high_sfr
12.999999999999996,13.199999999999996,80,0.3872216844143286,high_sfr
13.199999999999996,13.399999999999995,84,0.40658276863504506,high_sfr
13.399999999999995,13.599999999999994,95,0.4598257502420152,high_sfr
13.599999999999994,13.799999999999994,113,0.5469506292352392,high_sfr
13.799999999999994,13.999999999999993,128,0.6195546950629257,high_sfr
13.999999999999993,14.199999999999992,124,0.6001936108422093,high_sfr
14.199999999999992,14.399999999999991,102,0.49370764762826896,high_sfr
14.399999999999991,14.59999999999999,92,0.4453049370764779,high_sfr
14.59999999999999,14.79999999999999,37,0.17909002904162696,high_sfr
14.79999999999999,14.99999999999999,27,0.1306873184898359,high_sfr
14.99999999999999,15.199999999999989,31,0.15004840271055234,high_sfr
15.199999999999989,15.399999999999988,0,0.0,high_sfr
11.600000000000001,11.8,0,0.0,high_ngal5
11.8,12.0,0,0.0,high_ngal5
12.0,12.2,0,0.0,high_ngal5
12.2,12.399999999999999,4,0.01936108422071643,high_ngal5
12.399999999999999,12.599999999999998,4,0.01936108422071643,high_ngal5
12.599999999999998,12.799999999999997,6,0.029041626331074644,high_ngal5
12.799999999999997,12.999999999999996,16,0.07744433688286571,high_ngal5
12.999999999999996,13.199999999999996,27,0.1306873184898359,high_ngal5
13.199999999999996,13.399999999999995,49,0.23717328170377627,high_ngal5
13.399999999999995,13.599999999999994,54,0.2613746369796718,high_ngal5
13.599999999999994,13.799999999999994,115,0.5566311713455974,high_ngal5
13.799999999999994,13.999999999999993,166,0.8034849951597318,high_ngal5
13.999999999999993,14.199999999999992,161,0.7792836398838363,high_ngal5
14.199999999999992,14.399999999999991,153,0.7405614714424035,high_ngal5
14.399999999999991,14.59999999999999,140,0.677637947725075,high_ngal5
14.59999999999999,14.79999999999999,50,0.24201355275895536,high_ngal5
14.79999999999999,14.99999999999999,47,0.22749273959341806,high_ngal5
14.99999999999999,15.199999999999989,41,0.1984511132623434,high_ngal5
15.199999999999989,15.399999999999988,0,0.0,high_ngal5
11.600000000000001,11.8,0,0.0,high_nhalo10
11.8,12.0,0,0.0,high_nhalo10
12.0,12.2,0,0.0,high_nhalo10
12.2,12.399999999999999,2,0.009680542110358214,high_nhalo10
12.399999999999999,12.599999999999998,3,0.014520813165537322,high_nhalo10
12.599999999999998,12.799999999999997,2,0.009680542110358214,high_nhalo10
12.799999999999997,12.999999999999996,10,0.04840271055179107,high_nhalo10
12.999999999999996,13.199999999999996,6,0.029041626331074644,high_nhalo10
13.199999999999996,13.399999999999995,5,0.024201355275895536,high_nhalo10
13.399999999999995,13.599999999999994,16,0.07744433688286571,high_nhalo10
13.599999999999994,13.799999999999994,33,0.15972894482091055,high_nhalo10
13.799999999999994,13.999999999999993,116,0.5614714424007765,high_nhalo10
13.999999999999993,14.199999999999992,197,0.9535333978702841,high_nhalo10
14.199999999999992,14.399999999999991,237,1.1471442400774485,high_nhalo10
14.399999999999991,14.59999999999999,187,0.9051306873184931,high_nhalo10
14.59999999999999,14.79999999999999,82,0.3969022265246868,high_nhalo10
14.79999999999999,14.99999999999999,70,0.3388189738625375,high_nhalo10
14.99999999999999,15.199999999999989,67,0.3242981606970002,high_nhalo10
15.199999999999989,15.399999999999988,0,0.0,high_nhalo10
11.600000000000001,11.8,0,0.0,high_ngal10
11.8,12.0,0,0.0,high_ngal10
12.0,12.2,0,0.0,high_ngal10
12.2,12.399999999999999,4,0.01936108422071643,high_ngal10
12.399999999999999,12.599999999999998,4,0.01936108422071643,high_ngal10
12.599999999999998,12.799999999999997,5,0.024201355275895536,high_ngal10
12.799999999999997,12.999999999999996,13,0.0629235237173284,high_ngal10
12.999999999999996,13.199999999999996,11,0.053242981606970184,high_ngal10
13.199999999999996,13.399999999999995,21,0.10164569215876126,high_ngal10
13.399999999999995,13.599999999999994,37,0.17909002904162696,high_ngal10
13.599999999999994,13.799999999999994,61,0.2952565343659256,high_ngal10
13.799999999999994,13.999999999999993,153,0.7405614714424035,high_ngal10
13.999999999999993,14.199999999999992,173,0.8373668925459856,high_ngal10
14.199999999999992,14.399999999999991,188,0.9099709583736723,high_ngal10
14.399999999999991,14.59999999999999,166,0.8034849951597318,high_ngal10
14.59999999999999,14.79999999999999,71,0.34365924491771666,high_ngal10
14.79999999999999,14.99999999999999,65,0.314617618586642,high_ngal10
14.99999999999999,15.199999999999989,61,0.2952565343659256,high_ngal10
15.199999999999989,15.399999999999988,0,0.0,high_ngal10
11.600000000000001,11.8,1,0.004840271055179107,high_ngal15
11.8,12.0,1,0.004840271055179107,high_ngal15
12.0,12.2,2,0.009680542110358214,high_ngal15
12.2,12.399999999999999,6,0.029041626331074644,high_ngal15
12.399999999999999,12.599999999999998,8,0.03872216844143286,high_ngal15
12.599999999999998,12.799999999999997,8,0.03872216844143286,high_ngal15
12.799999999999997,12.999999999999996,20,0.09680542110358215,high_ngal15
12.999999999999996,13.199999999999996,15,0.07260406582768661,high_ngal15
13.199999999999996,13.399999999999995,24,0.11616650532429858,high_ngal15
13.399999999999995,13.599999999999994,30,0.14520813165537322,high_ngal15
13.599999999999994,13.799999999999994,50,0.24201355275895536,high_ngal15
13.799999999999994,13.999999999999993,120,0.5808325266214929,high_ngal15
13.999999999999993,14.199999999999992,155,0.7502420135527617,high_ngal15
14.199999999999992,14.399999999999991,178,0.8615682478218811,high_ngal15
14.399999999999991,14.59999999999999,191,0.9244917715392095,high_ngal15
14.59999999999999,14.79999999999999,84,0.40658276863504506,high_ngal15
14.79999999999999,14.99999999999999,73,0.35333978702807484,high_ngal15
14.99999999999999,15.199999999999989,67,0.3242981606970002,high_ngal15
15.199999999999989,15.399999999999988,0,0.0,high_ngal15
