logM0,PDF_dex^-1,Sample_key
11.100000000000001,0.0,baseline
11.120000000000001,0.0,baseline
11.14,0.0,baseline
11.160000000000002,0.0,baseline
11.180000000000001,0.0,baseline
11.200000000000001,0.0,baseline
11.22,0.00032268473701193933,baseline
11.240000000000002,0.00032268473701193933,baseline
11.260000000000002,0.00032268473701193933,baseline
11.280000000000001,0.0006453694740238787,baseline
11.3,0.0006453694740238787,baseline
11.320000000000002,0.0006453694740238787,baseline
11.340000000000002,0.0006453694740238787,baseline
11.360000000000001,0.0006453694740238787,baseline
11.38,0.0006453694740238787,baseline
11.400000000000002,0.000968054211035818,baseline
11.420000000000002,0.0016134236850596966,baseline
11.440000000000001,0.0016134236850596966,baseline
11.46,0.002258793159083575,baseline
11.480000000000002,0.002258793159083575,baseline
11.500000000000002,0.002904162633107454,baseline
11.520000000000001,0.003226847370119393,baseline
11.540000000000001,0.0035495321071313327,baseline
11.560000000000002,0.004194901581155212,baseline
11.580000000000002,0.00451758631816715,baseline
11.600000000000001,0.005485640529202969,baseline
11.620000000000001,0.006453694740238786,baseline
11.64,0.006776379477250726,baseline
11.660000000000002,0.008067118425298484,baseline
11.680000000000001,0.00935785737334624,baseline
11.700000000000001,0.00968054211035818,baseline
11.72,0.010971281058405937,baseline
11.740000000000002,0.012907389480477573,baseline
11.760000000000002,0.013552758954501452,baseline
11.780000000000001,0.01452081316553727,baseline
11.8,0.015811552113585026,baseline
11.820000000000002,0.017424975798644726,baseline
11.840000000000002,0.018393030009680542,baseline
11.860000000000001,0.020651823168764117,baseline
11.88,0.023233301064859633,baseline
11.900000000000002,0.026137463697967087,baseline
11.920000000000002,0.027105517909002903,baseline
11.940000000000001,0.030655050016134236,baseline
11.96,0.03452726686027751,baseline
11.980000000000002,0.038399483704420784,baseline
12.000000000000002,0.041626331074540175,baseline
12.020000000000001,0.043239754759599874,baseline
12.040000000000001,0.04549854791868345,baseline
12.060000000000002,0.04904808002581478,baseline
12.080000000000002,0.05227492739593417,baseline
12.100000000000001,0.05679251371410132,baseline
12.120000000000001,0.060019361084220714,baseline
12.14,0.06260083898031624,baseline
12.160000000000002,0.06518231687641174,baseline
12.180000000000001,0.06905453372055502,baseline
12.200000000000001,0.07357212003872217,baseline
12.220000000000002,0.07938044530493708,baseline
12.240000000000002,0.08260729267505647,baseline
12.260000000000002,0.08583414004517587,baseline
12.280000000000001,0.09067441110035496,baseline
12.3,0.09648273636656986,baseline
12.320000000000002,0.10229106163278477,baseline
12.340000000000002,0.10616327847692804,baseline
12.360000000000001,0.11132623426911907,baseline
12.38,0.11777992900935785,baseline
12.400000000000002,0.12423362374959665,baseline
12.420000000000002,0.13165537270087124,baseline
12.440000000000001,0.13875443691513392,baseline
12.46,0.14327202323330107,baseline
12.480000000000002,0.15133914165859955,baseline
12.500000000000002,0.15456598902871893,baseline
12.520000000000001,0.15876089060987417,baseline
12.540000000000001,0.16553727008712488,baseline
12.560000000000002,0.17199096482736367,baseline
12.580000000000002,0.1829622458857696,baseline
12.600000000000001,0.19006131010003227,baseline
12.620000000000001,0.19651500484027107,baseline
12.64,0.20555017747660537,baseline
12.660000000000002,0.2110358180058083,baseline
12.680000000000001,0.21652145853501129,baseline
12.700000000000001,0.22297515327525008,baseline
12.720000000000002,0.22781542433042917,baseline
12.740000000000002,0.2345918038076799,baseline
12.760000000000002,0.2436269764440142,baseline
12.780000000000001,0.24814456276218136,baseline
12.8,0.250080671184253,baseline
12.820000000000002,0.25524362697644404,baseline
12.840000000000002,0.271055179090029,baseline
12.860000000000001,0.2800903517263633,baseline
12.88,0.2836398838334947,baseline
12.900000000000002,0.292675056469829,baseline
12.920000000000002,0.30396902226524686,baseline
12.940000000000001,0.30816392384640207,baseline
12.96,0.31397224911261695,baseline
12.980000000000002,0.32268473701193934,baseline
13.000000000000002,0.3281703775411423,baseline
13.020000000000001,0.3313972249112617,baseline
13.040000000000001,0.34010971281058405,baseline
13.060000000000002,0.34333656018070347,baseline
13.080000000000002,0.34817683123588256,baseline
13.100000000000001,0.35237173281703776,baseline
13.120000000000001,0.35882542755727653,baseline
13.14,0.36656986124556307,baseline
13.160000000000002,0.3739916101968377,baseline
13.180000000000001,0.37592771861890933,baseline
13.200000000000001,0.38044530493707646,baseline
13.220000000000002,0.38496289125524363,baseline
13.240000000000002,0.39270732494353017,baseline
13.260000000000002,0.40303323652791223,baseline
13.280000000000001,0.4088415617941271,baseline
13.3,0.41723136495643753,baseline
13.320000000000002,0.42400774443368827,baseline
13.340000000000002,0.4349790254920942,baseline
13.360000000000001,0.44207808970635687,baseline
13.380000000000003,0.4494998386576315,baseline
13.400000000000002,0.44756373023555984,baseline
13.420000000000002,0.45143594707970314,baseline
13.440000000000001,0.4562762181348822,baseline
13.46,0.46079380445304935,baseline
13.48,0.46047111971603744,baseline
13.500000000000002,0.47725072604065827,baseline
13.520000000000001,0.484027105517909,baseline
13.540000000000001,0.4872539528880284,baseline
13.560000000000002,0.49015811552113586,baseline
13.580000000000002,0.4920942239432075,baseline
13.600000000000001,0.49499838657631495,baseline
13.620000000000001,0.5020974507905777,baseline
13.64,0.5056469828977089,baseline
13.660000000000002,0.505324298160697,baseline
13.680000000000001,0.5082284607938045,baseline
13.700000000000001,0.5117779929009358,baseline
13.720000000000002,0.515972894482091,baseline
13.740000000000002,0.5166182639561149,baseline
13.760000000000002,0.5230719586963537,baseline
13.780000000000001,0.531784446595676,baseline
13.8,0.5430784123910939,baseline
13.820000000000002,0.542755727654082,baseline
13.840000000000002,0.5301710229106164,baseline
13.860000000000001,0.5279122297515327,baseline
13.880000000000003,0.5311390771216521,baseline
13.900000000000002,0.5214585350112939,baseline
13.920000000000002,0.5140367860600193,baseline
13.940000000000001,0.5111326234269119,baseline
13.96,0.5166182639561149,baseline
13.98,0.5098418844788641,baseline
14.000000000000002,0.5075830913197805,baseline
14.020000000000001,0.5062923523717329,baseline
14.040000000000001,0.5024201355275896,baseline
14.060000000000002,0.4985479186834463,baseline
14.080000000000002,0.4988706034204582,baseline
14.100000000000001,0.5059696676347208,baseline
14.120000000000001,0.505324298160697,baseline
14.14,0.4985479186834463,baseline
14.160000000000002,0.4924169086802194,baseline
14.180000000000001,0.494675701839303,baseline
14.200000000000001,0.48854469183607613,baseline
14.220000000000002,0.47789609551468215,baseline
14.240000000000002,0.4691836076153598,baseline
14.260000000000002,0.4578896418199419,baseline
14.280000000000001,0.4504678928686673,baseline
14.3,0.436269764440142,baseline
14.320000000000002,0.430784123910939,baseline
14.340000000000002,0.4159406260083898,baseline
14.360000000000001,0.4036786060019361,baseline
14.380000000000003,0.39819296547273314,baseline
14.400000000000002,0.39335269441755405,baseline
14.420000000000002,0.3814133591481123,baseline
14.440000000000001,0.3765730880929332,baseline
14.46,0.3701193933526944,baseline
14.48,0.36237495966440786,baseline
14.500000000000002,0.34172313649564373,baseline
14.520000000000001,0.3378509196515005,baseline
14.540000000000001,0.32752500806711843,baseline
14.560000000000002,0.31752178121974833,baseline
14.580000000000002,0.30429170700225877,baseline
14.600000000000001,0.2933204259438529,baseline
14.620000000000001,0.2842852533075186,baseline
14.64,0.271377863827041,baseline
14.660000000000002,0.2649241690868022,baseline
14.680000000000001,0.25524362697644404,baseline
14.700000000000001,0.25556631171345595,baseline
14.720000000000002,0.2452404001290739,baseline
14.740000000000002,0.23588254275572765,baseline
14.760000000000002,0.2197483059051307,baseline
14.780000000000001,0.20555017747660537,baseline
14.8,0.1910293643110681,baseline
14.820000000000002,0.1845756695708293,baseline
14.840000000000002,0.1803807679896741,baseline
14.860000000000001,0.1713455953533398,baseline
14.880000000000003,0.16198773797999355,baseline
14.900000000000002,0.15972894482090996,baseline
14.920000000000002,0.15488867376573087,baseline
14.940000000000001,0.15004840271055178,baseline
14.96,0.13488222007099065,baseline
14.98,0.12907389480477574,baseline
15.000000000000002,0.12262020006453694,baseline
15.020000000000001,0.11907066795740562,baseline
15.040000000000001,0.11197160374314295,baseline
15.060000000000002,0.1090674411100355,baseline
15.080000000000002,0.10067763794772508,baseline
15.100000000000001,0.08486608583414004,baseline
15.120000000000001,0.07583091319780574,baseline
15.14,0.0722813810906744,baseline
15.160000000000002,0.06840916424653114,baseline
15.180000000000001,0.060342045821232655,baseline
15.200000000000001,0.057437883188125205,baseline
15.220000000000002,0.057437883188125205,baseline
15.240000000000002,0.05517909002904162,baseline
15.260000000000002,0.05292029686995805,baseline
15.280000000000001,0.049370764762826716,baseline
15.3,0.049370764762826716,baseline
15.32,0.04227170054856405,baseline
15.340000000000002,0.04227170054856405,baseline
15.360000000000001,0.04227170054856405,baseline
15.380000000000003,0.03388189738625363,baseline
15.400000000000002,0.03388189738625363,baseline
15.420000000000002,0.03388189738625363,baseline
15.440000000000001,0.026782833171990966,baseline
15.46,0.02355598580187157,baseline
15.48,0.02355598580187157,baseline
15.500000000000002,0.02355598580187157,baseline
15.520000000000001,0.016134236850596968,baseline
15.540000000000003,0.016134236850596968,baseline
15.560000000000002,0.016134236850596968,baseline
15.580000000000002,0.016134236850596968,baseline
15.600000000000001,0.016134236850596968,baseline
15.620000000000001,0.010648596321393998,baseline
15.64,0.010648596321393998,baseline
15.660000000000002,0.010648596321393998,baseline
15.680000000000001,0.010648596321393998,baseline
15.700000000000003,0.0,baseline
15.720000000000002,0.0,baseline
15.740000000000002,0.0,baseline
15.760000000000002,0.0,baseline
15.780000000000001,0.0,baseline
15.8,0.0,baseline
15.82,0.0,baseline
15.840000000000002,0.0,baseline
15.860000000000001,0.0,baseline
15.880000000000003,0.0,baseline
15.900000000000002,0.0,baseline
11.100000000000001,0.0,properties_parent
11.120000000000001,0.0,properties_parent
11.14,0.0,properties_parent
11.160000000000002,0.0,properties_parent
11.180000000000001,0.0,properties_parent
11.200000000000001,0.0,properties_parent
11.22,0.00032278889606197545,properties_parent
11.240000000000002,0.00032278889606197545,properties_parent
11.260000000000002,0.00032278889606197545,properties_parent
11.280000000000001,0.0006455777921239509,properties_parent
11.3,0.0006455777921239509,properties_parent
11.320000000000002,0.0006455777921239509,properties_parent
11.340000000000002,0.0006455777921239509,properties_parent
11.360000000000001,0.0006455777921239509,properties_parent
11.38,0.0006455777921239509,properties_parent
11.400000000000002,0.0009683666881859264,properties_parent
11.420000000000002,0.0016139444803098773,properties_parent
11.440000000000001,0.0016139444803098773,properties_parent
11.46,0.0022595222724338285,properties_parent
11.480000000000002,0.0022595222724338285,properties_parent
11.500000000000002,0.002905100064557779,properties_parent
11.520000000000001,0.0032278889606197547,properties_parent
11.540000000000001,0.0035506778566817302,properties_parent
11.560000000000002,0.004196255648805681,properties_parent
11.580000000000002,0.004519044544867657,properties_parent
11.600000000000001,0.005487411233053583,properties_parent
11.620000000000001,0.006455777921239509,properties_parent
11.64,0.006778566817301485,properties_parent
11.660000000000002,0.008069722401549387,properties_parent
11.680000000000001,0.00936087798579729,properties_parent
11.700000000000001,0.009683666881859263,properties_parent
11.72,0.010974822466107165,properties_parent
11.740000000000002,0.012911555842479019,properties_parent
11.760000000000002,0.01355713363460297,properties_parent
11.780000000000001,0.014525500322788897,properties_parent
11.8,0.0158166559070368,properties_parent
11.820000000000002,0.017430600387346677,properties_parent
11.840000000000002,0.018398967075532603,properties_parent
11.860000000000001,0.02065848934796643,properties_parent
11.88,0.023240800516462233,properties_parent
11.900000000000002,0.026145900581020013,properties_parent
11.920000000000002,0.02711426726920594,properties_parent
11.940000000000001,0.03066494512588767,properties_parent
11.96,0.034538411878631374,properties_parent
11.980000000000002,0.03841187863137508,properties_parent
12.000000000000002,0.041639767591994836,properties_parent
12.020000000000001,0.04325371207230471,properties_parent
12.040000000000001,0.04551323434473854,properties_parent
12.060000000000002,0.04906391220142027,properties_parent
12.080000000000002,0.052291801162040026,properties_parent
12.100000000000001,0.056810845706907684,properties_parent
12.120000000000001,0.06003873466752744,properties_parent
12.14,0.06262104583602324,properties_parent
12.160000000000002,0.06520335700451904,properties_parent
12.180000000000001,0.06907682375726275,properties_parent
12.200000000000001,0.07359586830213041,properties_parent
12.220000000000002,0.07940606843124597,properties_parent
12.240000000000002,0.08263395739186571,properties_parent
12.260000000000002,0.08586184635248548,properties_parent
12.280000000000001,0.0907036797934151,properties_parent
12.3,0.09651387992253066,properties_parent
12.320000000000002,0.10232408005164623,properties_parent
12.340000000000002,0.10619754680438993,properties_parent
12.360000000000001,0.11136216914138154,properties_parent
12.38,0.11781794706262104,properties_parent
12.400000000000002,0.12427372498386055,properties_parent
12.420000000000002,0.131697869593286,properties_parent
12.440000000000001,0.13879922530664945,properties_parent
12.46,0.1433182698515171,properties_parent
12.480000000000002,0.15138799225306648,properties_parent
12.500000000000002,0.15461588121368625,properties_parent
12.520000000000001,0.15881213686249193,properties_parent
12.540000000000001,0.16559070367979342,properties_parent
12.560000000000002,0.17204648160103292,properties_parent
12.580000000000002,0.1830213040671401,properties_parent
12.600000000000001,0.19012265978050355,properties_parent
12.620000000000001,0.19657843770174305,properties_parent
12.64,0.20561652679147838,properties_parent
12.660000000000002,0.21110393802453195,properties_parent
12.680000000000001,0.21659134925758555,properties_parent
12.700000000000001,0.22304712717882505,properties_parent
12.720000000000002,0.2278889606197547,properties_parent
12.740000000000002,0.23466752743705616,properties_parent
12.760000000000002,0.24370561652679149,properties_parent
12.780000000000001,0.24822466107165914,properties_parent
12.8,0.250161394448031,properties_parent
12.820000000000002,0.2553260167850226,properties_parent
12.840000000000002,0.2711426726920594,properties_parent
12.860000000000001,0.2801807617817947,properties_parent
12.88,0.2837314396384764,properties_parent
12.900000000000002,0.29276952872821177,properties_parent
12.920000000000002,0.3040671400903809,properties_parent
12.940000000000001,0.3079406068431246,properties_parent
12.96,0.31375080697224017,properties_parent
12.980000000000002,0.3224661071659135,properties_parent
13.000000000000002,0.3279535183989671,properties_parent
13.020000000000001,0.33118140735958684,properties_parent
13.040000000000001,0.3398967075532602,properties_parent
13.060000000000002,0.34312459651387994,properties_parent
13.080000000000002,0.34796642995480953,properties_parent
13.100000000000001,0.35216268560361524,properties_parent
13.120000000000001,0.35861846352485477,properties_parent
13.14,0.36636539703034215,properties_parent
13.160000000000002,0.3737895416397676,properties_parent
13.180000000000001,0.3757262750161394,properties_parent
13.200000000000001,0.3802453195610071,properties_parent
13.220000000000002,0.3847643641058748,properties_parent
13.240000000000002,0.39251129761136216,properties_parent
13.260000000000002,0.4028405422853454,properties_parent
13.280000000000001,0.4086507424144609,properties_parent
13.3,0.4170432537120723,properties_parent
13.320000000000002,0.4238218205293738,properties_parent
13.340000000000002,0.43479664299548093,properties_parent
13.360000000000001,0.44189799870884444,properties_parent
13.380000000000003,0.44932214331826986,properties_parent
13.400000000000002,0.447385409941898,properties_parent
13.420000000000002,0.4512588766946417,properties_parent
13.440000000000001,0.45610071013557135,properties_parent
13.46,0.460619754680439,properties_parent
13.48,0.460296965784377,properties_parent
13.500000000000002,0.47708198837959975,properties_parent
13.520000000000001,0.48386055519690124,properties_parent
13.540000000000001,0.487088444157521,properties_parent
13.560000000000002,0.48999354422207875,properties_parent
13.580000000000002,0.4919302775984506,properties_parent
13.600000000000001,0.4948353776630084,properties_parent
13.620000000000001,0.5019367333763719,properties_parent
13.64,0.5054874112330536,properties_parent
13.660000000000002,0.5051646223369916,properties_parent
13.680000000000001,0.5080697224015494,properties_parent
13.700000000000001,0.5116204002582311,properties_parent
13.720000000000002,0.5158166559070368,properties_parent
13.740000000000002,0.5164622336991608,properties_parent
13.760000000000002,0.5229180116204003,properties_parent
13.780000000000001,0.5316333118140736,properties_parent
13.8,0.5429309231762427,properties_parent
13.820000000000002,0.5426081342801807,properties_parent
13.840000000000002,0.5300193673337638,properties_parent
13.860000000000001,0.5277598450613299,properties_parent
13.880000000000003,0.5309877340219497,properties_parent
13.900000000000002,0.5213040671400904,properties_parent
13.920000000000002,0.513879922530665,properties_parent
13.940000000000001,0.5112976113621691,properties_parent
13.96,0.5167850225952227,properties_parent
13.98,0.5100064557779213,properties_parent
14.000000000000002,0.5077469335054874,properties_parent
14.020000000000001,0.5064557779212395,properties_parent
14.040000000000001,0.5025823111684958,properties_parent
14.060000000000002,0.4987088444157521,properties_parent
14.080000000000002,0.49903163331181405,properties_parent
14.100000000000001,0.5061329890251776,properties_parent
14.120000000000001,0.5054874112330536,properties_parent
14.14,0.4987088444157521,properties_parent
14.160000000000002,0.4925758553905746,properties_parent
14.180000000000001,0.4948353776630084,properties_parent
14.200000000000001,0.48870238863783083,properties_parent
14.220000000000002,0.47805035506778565,properties_parent
14.240000000000002,0.4693350548741123,properties_parent
14.260000000000002,0.4580374435119432,properties_parent
14.280000000000001,0.4506132989025178,properties_parent
14.3,0.4364105874757908,properties_parent
14.320000000000002,0.43092317624273724,properties_parent
14.340000000000002,0.4160748870238864,properties_parent
14.360000000000001,0.40380890897353133,properties_parent
14.380000000000003,0.3983214977404777,properties_parent
14.400000000000002,0.3934796642995481,properties_parent
14.420000000000002,0.381536475145255,properties_parent
14.440000000000001,0.3766946417043254,properties_parent
14.46,0.37023886378308585,properties_parent
14.48,0.36249193027759846,properties_parent
14.500000000000002,0.341833440929632,properties_parent
14.520000000000001,0.33795997417688833,properties_parent
14.540000000000001,0.3276307295029051,properties_parent
14.560000000000002,0.31762427372498386,properties_parent
14.580000000000002,0.30438992898644285,properties_parent
14.600000000000001,0.2934151065203357,properties_parent
14.620000000000001,0.2843770174306004,properties_parent
14.64,0.27146546158812135,properties_parent
14.660000000000002,0.2650096836668819,properties_parent
14.680000000000001,0.2553260167850226,properties_parent
14.700000000000001,0.25564880568108456,properties_parent
14.720000000000002,0.24531956100710137,properties_parent
14.740000000000002,0.23595868302130407,properties_parent
14.760000000000002,0.2198192382182053,properties_parent
14.780000000000001,0.20561652679147838,properties_parent
14.8,0.19109102646868947,properties_parent
14.820000000000002,0.18463524854744998,properties_parent
14.840000000000002,0.1804389928986443,properties_parent
14.860000000000001,0.17140090380890896,properties_parent
14.880000000000003,0.1620400258231117,properties_parent
14.900000000000002,0.15978050355067785,properties_parent
14.920000000000002,0.1549386701097482,properties_parent
14.940000000000001,0.1500968366688186,properties_parent
14.96,0.13492575855390573,properties_parent
14.98,0.1291155584247902,properties_parent
15.000000000000002,0.12265978050355068,properties_parent
15.020000000000001,0.11910910264686894,properties_parent
15.040000000000001,0.11200774693350549,properties_parent
15.060000000000002,0.1091026468689477,properties_parent
15.080000000000002,0.10071013557133635,properties_parent
15.100000000000001,0.08489347966429955,properties_parent
15.120000000000001,0.07585539057456424,properties_parent
15.14,0.07230471271788251,properties_parent
15.160000000000002,0.0684312459651388,properties_parent
15.180000000000001,0.06036152356358941,properties_parent
15.200000000000001,0.057456423499031635,properties_parent
15.220000000000002,0.057456423499031635,properties_parent
15.240000000000002,0.0551969012265978,properties_parent
15.260000000000002,0.05293737895416398,properties_parent
15.280000000000001,0.04938670109748225,properties_parent
15.3,0.04938670109748225,properties_parent
15.32,0.04228534538411879,properties_parent
15.340000000000002,0.04228534538411879,properties_parent
15.360000000000001,0.04228534538411879,properties_parent
15.380000000000003,0.03389283408650742,properties_parent
15.400000000000002,0.03389283408650742,properties_parent
15.420000000000002,0.03389283408650742,properties_parent
15.440000000000001,0.026791478373143964,properties_parent
15.46,0.02356358941252421,properties_parent
15.48,0.02356358941252421,properties_parent
15.500000000000002,0.02356358941252421,properties_parent
15.520000000000001,0.016139444803098774,properties_parent
15.540000000000003,0.016139444803098774,properties_parent
15.560000000000002,0.016139444803098774,properties_parent
15.580000000000002,0.016139444803098774,properties_parent
15.600000000000001,0.016139444803098774,properties_parent
15.620000000000001,0.01065203357004519,properties_parent
15.64,0.01065203357004519,properties_parent
15.660000000000002,0.01065203357004519,properties_parent
15.680000000000001,0.01065203357004519,properties_parent
15.700000000000003,0.0,properties_parent
15.720000000000002,0.0,properties_parent
15.740000000000002,0.0,properties_parent
15.760000000000002,0.0,properties_parent
15.780000000000001,0.0,properties_parent
15.8,0.0,properties_parent
15.82,0.0,properties_parent
15.840000000000002,0.0,properties_parent
15.860000000000001,0.0,properties_parent
15.880000000000003,0.0,properties_parent
15.900000000000002,0.0,properties_parent
11.100000000000001,0.0,high_mstar
11.120000000000001,0.0,high_mstar
11.14,0.0,high_mstar
11.160000000000002,0.0,high_mstar
11.180000000000001,0.0,high_mstar
11.200000000000001,0.0,high_mstar
11.22,0.0,high_mstar
11.240000000000002,0.0,high_mstar
11.260000000000002,0.0,high_mstar
11.280000000000001,0.0,high_mstar
11.3,0.0,high_mstar
11.320000000000002,0.0,high_mstar
11.340000000000002,0.0,high_mstar
11.360000000000001,0.0,high_mstar
11.38,0.0,high_mstar
11.400000000000002,0.0,high_mstar
11.420000000000002,0.0,high_mstar
11.440000000000001,0.0,high_mstar
11.46,0.0,high_mstar
11.480000000000002,0.0,high_mstar
11.500000000000002,0.0,high_mstar
11.520000000000001,0.0,high_mstar
11.540000000000001,0.0,high_mstar
11.560000000000002,0.0,high_mstar
11.580000000000002,0.0,high_mstar
11.600000000000001,0.001936108422071636,high_mstar
11.620000000000001,0.002904162633107454,high_mstar
11.64,0.002904162633107454,high_mstar
11.660000000000002,0.005808325266214908,high_mstar
11.680000000000001,0.008712487899322363,high_mstar
11.700000000000001,0.008712487899322363,high_mstar
11.72,0.008712487899322363,high_mstar
11.740000000000002,0.00968054211035818,high_mstar
11.760000000000002,0.010648596321393998,high_mstar
11.780000000000001,0.012584704743465635,high_mstar
11.8,0.013552758954501452,high_mstar
11.820000000000002,0.013552758954501452,high_mstar
11.840000000000002,0.01452081316553727,high_mstar
11.860000000000001,0.015488867376573089,high_mstar
11.88,0.015488867376573089,high_mstar
11.900000000000002,0.017424975798644726,high_mstar
11.920000000000002,0.01936108422071636,high_mstar
11.940000000000001,0.02420135527589545,high_mstar
11.96,0.026137463697967087,high_mstar
11.980000000000002,0.028073572120038724,high_mstar
12.000000000000002,0.03291384317521781,high_mstar
12.020000000000001,0.03484995159728945,high_mstar
12.040000000000001,0.03581800580832527,high_mstar
12.060000000000002,0.0377541142303969,high_mstar
12.080000000000002,0.04259438528557599,high_mstar
12.100000000000001,0.04549854791868345,high_mstar
12.120000000000001,0.0484027105517909,high_mstar
12.14,0.05033881897386254,high_mstar
12.160000000000002,0.05421103581800581,high_mstar
12.180000000000001,0.05614714424007745,high_mstar
12.200000000000001,0.06292352371732816,high_mstar
12.220000000000002,0.06679574056147145,high_mstar
12.240000000000002,0.06873184898354308,high_mstar
12.260000000000002,0.0696999031945789,high_mstar
12.280000000000001,0.07357212003872217,high_mstar
12.3,0.07744433688286544,high_mstar
12.320000000000002,0.08325266214908035,high_mstar
12.340000000000002,0.08906098741529525,high_mstar
12.360000000000001,0.0909970958373669,high_mstar
12.38,0.09777347531461762,high_mstar
12.400000000000002,0.1074540174249758,high_mstar
12.420000000000002,0.11423039690222653,high_mstar
12.440000000000001,0.12100677637947725,high_mstar
12.46,0.12294288480154889,high_mstar
12.480000000000002,0.13068731848983542,high_mstar
12.500000000000002,0.13068731848983542,high_mstar
12.520000000000001,0.13843175217812198,high_mstar
12.540000000000001,0.14811229428848016,high_mstar
12.560000000000002,0.15198451113262343,high_mstar
12.580000000000002,0.1616650532429816,high_mstar
12.600000000000001,0.16844143272023232,high_mstar
12.620000000000001,0.17424975798644723,high_mstar
12.64,0.18393030009680542,high_mstar
12.660000000000002,0.1868344627299129,high_mstar
12.680000000000001,0.19167473378509198,high_mstar
12.700000000000001,0.1984511132623427,high_mstar
12.720000000000002,0.20135527589545016,high_mstar
12.740000000000002,0.20813165537270087,high_mstar
12.760000000000002,0.2110358180058083,high_mstar
12.780000000000001,0.2158760890609874,high_mstar
12.8,0.2197483059051307,high_mstar
12.820000000000002,0.2265246853823814,high_mstar
12.840000000000002,0.24588576960309777,high_mstar
12.860000000000001,0.2584704743465634,high_mstar
12.88,0.2623426911907067,high_mstar
12.900000000000002,0.26621490803484993,high_mstar
12.920000000000002,0.2807357212003872,high_mstar
12.940000000000001,0.2855759922555663,high_mstar
12.96,0.2904162633107454,high_mstar
12.980000000000002,0.3010648596321394,high_mstar
13.000000000000002,0.30493707647628265,high_mstar
13.020000000000001,0.3059051306873185,high_mstar
13.040000000000001,0.31752178121974833,high_mstar
13.060000000000002,0.3213939980638916,high_mstar
13.080000000000002,0.32720232333010646,high_mstar
13.100000000000001,0.3339787028073572,high_mstar
13.120000000000001,0.34462729912875123,high_mstar
13.14,0.3494675701839303,high_mstar
13.160000000000002,0.3552758954501452,high_mstar
13.180000000000001,0.36302032913843174,high_mstar
13.200000000000001,0.3639883833494676,high_mstar
13.220000000000002,0.37463697967086157,high_mstar
13.240000000000002,0.3823814133591481,high_mstar
13.260000000000002,0.3969022265246854,high_mstar
13.280000000000001,0.4036786060019361,high_mstar
13.3,0.4181994191674734,high_mstar
13.320000000000002,0.42400774443368827,high_mstar
13.340000000000002,0.430784123910939,high_mstar
13.360000000000001,0.44240077444336884,high_mstar
13.380000000000003,0.4482090997095837,high_mstar
13.400000000000002,0.4462729912875121,high_mstar
13.420000000000002,0.45111326234269117,high_mstar
13.440000000000001,0.4578896418199419,high_mstar
13.46,0.46466602129719264,high_mstar
13.48,0.4666021297192643,high_mstar
13.500000000000002,0.4937076476282672,high_mstar
13.520000000000001,0.4995159728944821,high_mstar
13.540000000000001,0.5004840271055179,high_mstar
13.560000000000002,0.5062923523717329,high_mstar
13.580000000000002,0.510164569215876,high_mstar
13.600000000000001,0.5111326234269119,high_mstar
13.620000000000001,0.5217812197483059,high_mstar
13.64,0.5246853823814134,high_mstar
13.660000000000002,0.5246853823814134,high_mstar
13.680000000000001,0.5275895450145208,high_mstar
13.700000000000001,0.526621490803485,high_mstar
13.720000000000002,0.5333978702807357,high_mstar
13.740000000000002,0.5353339787028074,high_mstar
13.760000000000002,0.5527589545014521,high_mstar
13.780000000000001,0.5614714424007744,high_mstar
13.8,0.5701839303000968,high_mstar
13.820000000000002,0.5663117134559535,high_mstar
13.840000000000002,0.5488867376573088,high_mstar
13.860000000000001,0.542110358180058,high_mstar
13.880000000000003,0.5469506292352372,high_mstar
13.900000000000002,0.542110358180058,high_mstar
13.920000000000002,0.5333978702807357,high_mstar
13.940000000000001,0.5304937076476283,high_mstar
13.96,0.5450145208131656,high_mstar
13.98,0.537270087124879,high_mstar
14.000000000000002,0.5363020329138432,high_mstar
14.020000000000001,0.5363020329138432,high_mstar
14.040000000000001,0.5333978702807357,high_mstar
14.060000000000002,0.5285575992255567,high_mstar
14.080000000000002,0.526621490803485,high_mstar
14.100000000000001,0.5343659244917716,high_mstar
14.120000000000001,0.5314617618586641,high_mstar
14.14,0.5285575992255567,high_mstar
14.160000000000002,0.5208131655372701,high_mstar
14.180000000000001,0.5188770571151985,high_mstar
14.200000000000001,0.5130687318489835,high_mstar
14.220000000000002,0.4985479186834463,high_mstar
14.240000000000002,0.49080348499515974,high_mstar
14.260000000000002,0.4791868344627299,high_mstar
14.280000000000001,0.47047434656340753,high_mstar
14.3,0.452081316553727,high_mstar
14.320000000000002,0.4462729912875121,high_mstar
14.340000000000002,0.43368828654404645,high_mstar
14.360000000000001,0.42013552758954503,high_mstar
14.380000000000003,0.4143272023233301,high_mstar
14.400000000000002,0.40658276863504356,high_mstar
14.420000000000002,0.39496611810261373,high_mstar
14.440000000000001,0.38915779283639884,high_mstar
14.46,0.38334946757018395,high_mstar
14.48,0.3736689254598258,high_mstar
14.500000000000002,0.3465634075508228,high_mstar
14.520000000000001,0.3388189738625363,high_mstar
14.540000000000001,0.3281703775411423,high_mstar
14.560000000000002,0.31848983543078413,high_mstar
14.580000000000002,0.30493707647628265,high_mstar
14.600000000000001,0.2952565343659245,high_mstar
14.620000000000001,0.28654404646660214,high_mstar
14.64,0.2739593417231365,high_mstar
14.660000000000002,0.2681510164569216,high_mstar
14.680000000000001,0.2575024201355276,high_mstar
14.700000000000001,0.26621490803484993,high_mstar
14.720000000000002,0.25653436592449175,high_mstar
14.740000000000002,0.2468538238141336,high_mstar
14.760000000000002,0.22555663117134558,high_mstar
14.780000000000001,0.21006776379477252,high_mstar
14.8,0.19651500484027107,high_mstar
14.820000000000002,0.1936108422071636,high_mstar
14.840000000000002,0.19070667957405615,high_mstar
14.860000000000001,0.18393030009680542,high_mstar
14.880000000000003,0.17521781219748306,high_mstar
14.900000000000002,0.17424975798644723,high_mstar
14.920000000000002,0.1665053242981607,high_mstar
14.940000000000001,0.15972894482090996,high_mstar
14.96,0.13843175217812198,high_mstar
14.98,0.1335914811229429,high_mstar
15.000000000000002,0.12584704743465633,high_mstar
15.020000000000001,0.12294288480154889,high_mstar
15.040000000000001,0.1132623426911907,high_mstar
15.060000000000002,0.1122942884801549,high_mstar
15.080000000000002,0.10358180058083252,high_mstar
15.100000000000001,0.08615682478218781,high_mstar
15.120000000000001,0.0755082284607938,high_mstar
15.14,0.07163601161665054,high_mstar
15.160000000000002,0.0696999031945789,high_mstar
15.180000000000001,0.061955469506292354,high_mstar
15.200000000000001,0.060019361084220714,high_mstar
15.220000000000002,0.060019361084220714,high_mstar
15.240000000000002,0.05808325266214908,high_mstar
15.260000000000002,0.05421103581800581,high_mstar
15.280000000000001,0.05227492739593417,high_mstar
15.3,0.05227492739593417,high_mstar
15.32,0.046466602129719266,high_mstar
15.340000000000002,0.046466602129719266,high_mstar
15.360000000000001,0.046466602129719266,high_mstar
15.380000000000003,0.03969022265246854,high_mstar
15.400000000000002,0.03969022265246854,high_mstar
15.420000000000002,0.03969022265246854,high_mstar
15.440000000000001,0.031945788964181994,high_mstar
15.46,0.02904162633107454,high_mstar
15.48,0.02904162633107454,high_mstar
15.500000000000002,0.02904162633107454,high_mstar
15.520000000000001,0.023233301064859633,high_mstar
15.540000000000003,0.023233301064859633,high_mstar
15.560000000000002,0.023233301064859633,high_mstar
15.580000000000002,0.023233301064859633,high_mstar
15.600000000000001,0.023233301064859633,high_mstar
15.620000000000001,0.01452081316553727,high_mstar
15.64,0.01452081316553727,high_mstar
15.660000000000002,0.01452081316553727,high_mstar
15.680000000000001,0.01452081316553727,high_mstar
15.700000000000003,0.0,high_mstar
15.720000000000002,0.0,high_mstar
15.740000000000002,0.0,high_mstar
15.760000000000002,0.0,high_mstar
15.780000000000001,0.0,high_mstar
15.8,0.0,high_mstar
15.82,0.0,high_mstar
15.840000000000002,0.0,high_mstar
15.860000000000001,0.0,high_mstar
15.880000000000003,0.0,high_mstar
15.900000000000002,0.0,high_mstar
11.100000000000001,0.0,high_sfr
11.120000000000001,0.0,high_sfr
11.14,0.0,high_sfr
11.160000000000002,0.0,high_sfr
11.180000000000001,0.0,high_sfr
11.200000000000001,0.0,high_sfr
11.22,0.0,high_sfr
11.240000000000002,0.0,high_sfr
11.260000000000002,0.0,high_sfr
11.280000000000001,0.0,high_sfr
11.3,0.0,high_sfr
11.320000000000002,0.0,high_sfr
11.340000000000002,0.0,high_sfr
11.360000000000001,0.0,high_sfr
11.38,0.0,high_sfr
11.400000000000002,0.0,high_sfr
11.420000000000002,0.0,high_sfr
11.440000000000001,0.0,high_sfr
11.46,0.0,high_sfr
11.480000000000002,0.0,high_sfr
11.500000000000002,0.0,high_sfr
11.520000000000001,0.0,high_sfr
11.540000000000001,0.0,high_sfr
11.560000000000002,0.0,high_sfr
11.580000000000002,0.0,high_sfr
11.600000000000001,0.001936108422071636,high_sfr
11.620000000000001,0.002904162633107454,high_sfr
11.64,0.002904162633107454,high_sfr
11.660000000000002,0.00484027105517909,high_sfr
11.680000000000001,0.006776379477250726,high_sfr
11.700000000000001,0.006776379477250726,high_sfr
11.72,0.006776379477250726,high_sfr
11.740000000000002,0.007744433688286544,high_sfr
11.760000000000002,0.008712487899322363,high_sfr
11.780000000000001,0.010648596321393998,high_sfr
11.8,0.010648596321393998,high_sfr
11.820000000000002,0.010648596321393998,high_sfr
11.840000000000002,0.011616650532429816,high_sfr
11.860000000000001,0.012584704743465635,high_sfr
11.88,0.012584704743465635,high_sfr
11.900000000000002,0.01452081316553727,high_sfr
11.920000000000002,0.016456921587608905,high_sfr
11.940000000000001,0.023233301064859633,high_sfr
11.96,0.023233301064859633,high_sfr
11.980000000000002,0.02516940948693127,high_sfr
12.000000000000002,0.02904162633107454,high_sfr
12.020000000000001,0.030977734753146177,high_sfr
12.040000000000001,0.031945788964181994,high_sfr
12.060000000000002,0.03291384317521781,high_sfr
12.080000000000002,0.03581800580832527,high_sfr
12.100000000000001,0.03969022265246854,high_sfr
12.120000000000001,0.04356243949661181,high_sfr
12.14,0.04549854791868345,high_sfr
12.160000000000002,0.04743465634075508,high_sfr
12.180000000000001,0.05033881897386254,high_sfr
12.200000000000001,0.05614714424007745,high_sfr
12.220000000000002,0.06098741529525654,high_sfr
12.240000000000002,0.06292352371732816,high_sfr
12.260000000000002,0.06389157792836399,high_sfr
12.280000000000001,0.06776379477250725,high_sfr
12.3,0.07066795740561471,high_sfr
12.320000000000002,0.0755082284607938,high_sfr
12.340000000000002,0.07938044530493708,high_sfr
12.360000000000001,0.08228460793804453,high_sfr
12.38,0.08906098741529525,high_sfr
12.400000000000002,0.09486931268151017,high_sfr
12.420000000000002,0.10067763794772508,high_sfr
12.440000000000001,0.10648596321393998,high_sfr
12.46,0.10842207163601161,high_sfr
12.480000000000002,0.11519845111326234,high_sfr
12.500000000000002,0.11616650532429816,high_sfr
12.520000000000001,0.12294288480154889,high_sfr
12.540000000000001,0.13068731848983542,high_sfr
12.560000000000002,0.13746369796708616,high_sfr
12.580000000000002,0.14714424007744434,high_sfr
12.600000000000001,0.15295256534365925,high_sfr
12.620000000000001,0.16263310745401743,high_sfr
12.64,0.1713455953533398,high_sfr
12.660000000000002,0.17521781219748306,high_sfr
12.680000000000001,0.1819941916747338,high_sfr
12.700000000000001,0.1868344627299129,high_sfr
12.720000000000002,0.19167473378509198,high_sfr
12.740000000000002,0.19651500484027107,high_sfr
12.760000000000002,0.20038722168441434,high_sfr
12.780000000000001,0.20232333010648595,high_sfr
12.8,0.20619554695062922,high_sfr
12.820000000000002,0.2149080348499516,high_sfr
12.840000000000002,0.23814133591481124,high_sfr
12.860000000000001,0.24975798644724104,high_sfr
12.88,0.25556631171345595,high_sfr
12.900000000000002,0.26040658276863504,high_sfr
12.920000000000002,0.2749273959341723,high_sfr
12.940000000000001,0.2739593417231365,high_sfr
12.96,0.28267182962245885,high_sfr
12.980000000000002,0.2904162633107454,high_sfr
13.000000000000002,0.2962245885769603,high_sfr
13.020000000000001,0.2962245885769603,high_sfr
13.040000000000001,0.30977734753146174,high_sfr
13.060000000000002,0.31461761858664083,high_sfr
13.080000000000002,0.32236205227492737,high_sfr
13.100000000000001,0.32720232333010646,high_sfr
13.120000000000001,0.33688286544046464,high_sfr
13.14,0.33978702807357214,high_sfr
13.160000000000002,0.34849951597289447,high_sfr
13.180000000000001,0.35333978702807356,high_sfr
13.200000000000001,0.35721200387221685,high_sfr
13.220000000000002,0.3659244917715392,high_sfr
13.240000000000002,0.37463697967086157,high_sfr
13.260000000000002,0.3872216844143272,high_sfr
13.280000000000001,0.39399806389157793,high_sfr
13.3,0.40561471442400776,high_sfr
13.320000000000002,0.409486931268151,high_sfr
13.340000000000002,0.4230396902226525,high_sfr
13.360000000000001,0.4356243949661181,high_sfr
13.380000000000003,0.441432720232333,high_sfr
13.400000000000002,0.4404646660212972,high_sfr
13.420000000000002,0.4462729912875121,high_sfr
13.440000000000001,0.45498547918683446,high_sfr
13.46,0.45982575024201355,high_sfr
13.48,0.46079380445304935,high_sfr
13.500000000000002,0.484027105517909,high_sfr
13.520000000000001,0.4927395934172314,high_sfr
13.540000000000001,0.49564375605033884,high_sfr
13.560000000000002,0.4995159728944821,high_sfr
13.580000000000002,0.5033881897386253,high_sfr
13.600000000000001,0.5062923523717329,high_sfr
13.620000000000001,0.515972894482091,high_sfr
13.64,0.5179090029041626,high_sfr
13.660000000000002,0.5198451113262342,high_sfr
13.680000000000001,0.5256534365924492,high_sfr
13.700000000000001,0.526621490803485,high_sfr
13.720000000000002,0.5353339787028074,high_sfr
13.740000000000002,0.5382381413359149,high_sfr
13.760000000000002,0.5517909002904162,high_sfr
13.780000000000001,0.5663117134559535,high_sfr
13.8,0.5759922555663117,high_sfr
13.820000000000002,0.5701839303000968,high_sfr
13.840000000000002,0.5498547918683446,high_sfr
13.860000000000001,0.5450145208131656,high_sfr
13.880000000000003,0.5488867376573088,high_sfr
13.900000000000002,0.5440464666021297,high_sfr
13.920000000000002,0.5324298160696999,high_sfr
13.940000000000001,0.5333978702807357,high_sfr
13.96,0.547918683446273,high_sfr
13.98,0.5459825750242013,high_sfr
14.000000000000002,0.5440464666021297,high_sfr
14.020000000000001,0.5450145208131656,high_sfr
14.040000000000001,0.5392061955469506,high_sfr
14.060000000000002,0.5343659244917716,high_sfr
14.080000000000002,0.5314617618586641,high_sfr
14.100000000000001,0.5411423039690223,high_sfr
14.120000000000001,0.5411423039690223,high_sfr
14.14,0.5392061955469506,high_sfr
14.160000000000002,0.5304937076476283,high_sfr
14.180000000000001,0.5285575992255567,high_sfr
14.200000000000001,0.5217812197483059,high_sfr
14.220000000000002,0.5082284607938045,high_sfr
14.240000000000002,0.4995159728944821,high_sfr
14.260000000000002,0.49080348499515974,high_sfr
14.280000000000001,0.48209099709583736,high_sfr
14.3,0.4675701839303001,high_sfr
14.320000000000002,0.46466602129719264,high_sfr
14.340000000000002,0.44724104549854793,high_sfr
14.360000000000001,0.4317521781219748,high_sfr
14.380000000000003,0.4269119070667957,high_sfr
14.400000000000002,0.4220716360116166,high_sfr
14.420000000000002,0.41045498547918685,high_sfr
14.440000000000001,0.4036786060019361,high_sfr
14.46,0.40174249757986447,high_sfr
14.48,0.39399806389157793,high_sfr
14.500000000000002,0.3697967086156825,high_sfr
14.520000000000001,0.36302032913843174,high_sfr
14.540000000000001,0.35237173281703776,high_sfr
14.560000000000002,0.34172313649564373,high_sfr
14.580000000000002,0.3281703775411423,high_sfr
14.600000000000001,0.31752178121974833,high_sfr
14.620000000000001,0.3059051306873185,high_sfr
14.64,0.2952565343659245,high_sfr
14.660000000000002,0.28751210067763794,high_sfr
14.680000000000001,0.27299128751210067,high_sfr
14.700000000000001,0.2797676669893514,high_sfr
14.720000000000002,0.26621490803484993,high_sfr
14.740000000000002,0.2575024201355276,high_sfr
14.760000000000002,0.23910939012584706,high_sfr
14.780000000000001,0.2207163601161665,high_sfr
14.8,0.20716360116166505,high_sfr
14.820000000000002,0.2042594385285576,high_sfr
14.840000000000002,0.20038722168441434,high_sfr
14.860000000000001,0.19264278799612777,high_sfr
14.880000000000003,0.1829622458857696,high_sfr
14.900000000000002,0.18102613746369797,high_sfr
14.920000000000002,0.17618586640851888,high_sfr
14.940000000000001,0.16940948693126814,high_sfr
14.96,0.14617618586640851,high_sfr
14.98,0.13843175217812198,high_sfr
15.000000000000002,0.13068731848983542,high_sfr
15.020000000000001,0.12778315585672798,high_sfr
15.040000000000001,0.11907066795740562,high_sfr
15.060000000000002,0.1181026137463698,high_sfr
15.080000000000002,0.11035818005808325,high_sfr
15.100000000000001,0.09196515004840271,high_sfr
15.120000000000001,0.07841239109390126,high_sfr
15.14,0.0755082284607938,high_sfr
15.160000000000002,0.07357212003872217,high_sfr
15.180000000000001,0.06776379477250725,high_sfr
15.200000000000001,0.06485963213939981,high_sfr
15.220000000000002,0.06485963213939981,high_sfr
15.240000000000002,0.06292352371732816,high_sfr
15.260000000000002,0.05808325266214908,high_sfr
15.280000000000001,0.05614714424007745,high_sfr
15.3,0.05614714424007745,high_sfr
15.32,0.05033881897386254,high_sfr
15.340000000000002,0.05033881897386254,high_sfr
15.360000000000001,0.05033881897386254,high_sfr
15.380000000000003,0.04259438528557599,high_sfr
15.400000000000002,0.04259438528557599,high_sfr
15.420000000000002,0.04259438528557599,high_sfr
15.440000000000001,0.03484995159728945,high_sfr
15.46,0.030009680542110357,high_sfr
15.48,0.030009680542110357,high_sfr
15.500000000000002,0.030009680542110357,high_sfr
15.520000000000001,0.021297192642787996,high_sfr
15.540000000000003,0.021297192642787996,high_sfr
15.560000000000002,0.021297192642787996,high_sfr
15.580000000000002,0.021297192642787996,high_sfr
15.600000000000001,0.021297192642787996,high_sfr
15.620000000000001,0.012584704743465635,high_sfr
15.64,0.012584704743465635,high_sfr
15.660000000000002,0.012584704743465635,high_sfr
15.680000000000001,0.012584704743465635,high_sfr
15.700000000000003,0.0,high_sfr
15.720000000000002,0.0,high_sfr
15.740000000000002,0.0,high_sfr
15.760000000000002,0.0,high_sfr
15.780000000000001,0.0,high_sfr
15.8,0.0,high_sfr
15.82,0.0,high_sfr
15.840000000000002,0.0,high_sfr
15.860000000000001,0.0,high_sfr
15.880000000000003,0.0,high_sfr
15.900000000000002,0.0,high_sfr
11.100000000000001,0.0,high_ngal5
11.120000000000001,0.0,high_ngal5
11.14,0.0,high_ngal5
11.160000000000002,0.0,high_ngal5
11.180000000000001,0.0,high_ngal5
11.200000000000001,0.0,high_ngal5
11.22,0.0,high_ngal5
11.240000000000002,0.0,high_ngal5
11.260000000000002,0.0,high_ngal5
11.280000000000001,0.0,high_ngal5
11.3,0.0,high_ngal5
11.320000000000002,0.0,high_ngal5
11.340000000000002,0.0,high_ngal5
11.360000000000001,0.0,high_ngal5
11.38,0.0,high_ngal5
11.400000000000002,0.0,high_ngal5
11.420000000000002,0.0,high_ngal5
11.440000000000001,0.0,high_ngal5
11.46,0.0,high_ngal5
11.480000000000002,0.0,high_ngal5
11.500000000000002,0.0,high_ngal5
11.520000000000001,0.0,high_ngal5
11.540000000000001,0.0,high_ngal5
11.560000000000002,0.0,high_ngal5
11.580000000000002,0.0,high_ngal5
11.600000000000001,0.0,high_ngal5
11.620000000000001,0.0,high_ngal5
11.64,0.0,high_ngal5
11.660000000000002,0.0,high_ngal5
11.680000000000001,0.0,high_ngal5
11.700000000000001,0.0,high_ngal5
11.72,0.0,high_ngal5
11.740000000000002,0.000968054211035818,high_ngal5
11.760000000000002,0.001936108422071636,high_ngal5
11.780000000000001,0.001936108422071636,high_ngal5
11.8,0.001936108422071636,high_ngal5
11.820000000000002,0.001936108422071636,high_ngal5
11.840000000000002,0.002904162633107454,high_ngal5
11.860000000000001,0.002904162633107454,high_ngal5
11.88,0.002904162633107454,high_ngal5
11.900000000000002,0.003872216844143272,high_ngal5
11.920000000000002,0.003872216844143272,high_ngal5
11.940000000000001,0.003872216844143272,high_ngal5
11.96,0.003872216844143272,high_ngal5
11.980000000000002,0.00484027105517909,high_ngal5
12.000000000000002,0.00484027105517909,high_ngal5
12.020000000000001,0.00484027105517909,high_ngal5
12.040000000000001,0.006776379477250726,high_ngal5
12.060000000000002,0.007744433688286544,high_ngal5
12.080000000000002,0.007744433688286544,high_ngal5
12.100000000000001,0.007744433688286544,high_ngal5
12.120000000000001,0.007744433688286544,high_ngal5
12.14,0.007744433688286544,high_ngal5
12.160000000000002,0.007744433688286544,high_ngal5
12.180000000000001,0.00968054211035818,high_ngal5
12.200000000000001,0.00968054211035818,high_ngal5
12.220000000000002,0.00968054211035818,high_ngal5
12.240000000000002,0.010648596321393998,high_ngal5
12.260000000000002,0.010648596321393998,high_ngal5
12.280000000000001,0.010648596321393998,high_ngal5
12.3,0.013552758954501452,high_ngal5
12.320000000000002,0.013552758954501452,high_ngal5
12.340000000000002,0.013552758954501452,high_ngal5
12.360000000000001,0.013552758954501452,high_ngal5
12.38,0.01452081316553727,high_ngal5
12.400000000000002,0.015488867376573089,high_ngal5
12.420000000000002,0.017424975798644726,high_ngal5
12.440000000000001,0.021297192642787996,high_ngal5
12.46,0.02516940948693127,high_ngal5
12.480000000000002,0.02904162633107454,high_ngal5
12.500000000000002,0.02904162633107454,high_ngal5
12.520000000000001,0.031945788964181994,high_ngal5
12.540000000000001,0.03291384317521781,high_ngal5
12.560000000000002,0.03581800580832527,high_ngal5
12.580000000000002,0.0377541142303969,high_ngal5
12.600000000000001,0.04065827686350436,high_ngal5
12.620000000000001,0.044530493707647625,high_ngal5
12.64,0.04743465634075508,high_ngal5
12.660000000000002,0.05033881897386254,high_ngal5
12.680000000000001,0.05227492739593417,high_ngal5
12.700000000000001,0.05517909002904162,high_ngal5
12.720000000000002,0.057115198451113264,high_ngal5
12.740000000000002,0.0590513068731849,high_ngal5
12.760000000000002,0.06098741529525654,high_ngal5
12.780000000000001,0.06292352371732816,high_ngal5
12.8,0.06292352371732816,high_ngal5
12.820000000000002,0.06582768635043562,high_ngal5
12.840000000000002,0.07647628267182963,high_ngal5
12.860000000000001,0.08518877057115198,high_ngal5
12.88,0.08615682478218781,high_ngal5
12.900000000000002,0.09874152952565343,high_ngal5
12.920000000000002,0.11132623426911907,high_ngal5
12.940000000000001,0.11713455953533398,high_ngal5
12.96,0.12100677637947725,high_ngal5
12.980000000000002,0.12487899322362052,high_ngal5
13.000000000000002,0.12681510164569215,high_ngal5
13.020000000000001,0.12971926427879962,high_ngal5
13.040000000000001,0.13746369796708616,high_ngal5
13.060000000000002,0.1403678606001936,high_ngal5
13.080000000000002,0.14617618586640851,high_ngal5
13.100000000000001,0.14714424007744434,high_ngal5
13.120000000000001,0.15488867376573087,high_ngal5
13.14,0.16747337850919652,high_ngal5
13.160000000000002,0.17231364956437561,high_ngal5
13.180000000000001,0.17424975798644723,high_ngal5
13.200000000000001,0.17909002904162633,high_ngal5
13.220000000000002,0.19070667957405615,high_ngal5
13.240000000000002,0.20329138431752178,high_ngal5
13.260000000000002,0.2245885769603098,high_ngal5
13.280000000000001,0.2362052274927396,high_ngal5
13.3,0.2526621490803485,high_ngal5
13.320000000000002,0.26621490803484993,high_ngal5
13.340000000000002,0.27783155856727976,high_ngal5
13.360000000000001,0.2884801548886738,high_ngal5
13.380000000000003,0.30977734753146174,high_ngal5
13.400000000000002,0.3165537270087125,high_ngal5
13.420000000000002,0.32623426911907066,high_ngal5
13.440000000000001,0.3426911907066796,high_ngal5
13.46,0.3494675701839303,high_ngal5
13.48,0.35721200387221685,high_ngal5
13.500000000000002,0.3978702807357212,high_ngal5
13.520000000000001,0.4085188770571152,high_ngal5
13.540000000000001,0.4191674733785092,high_ngal5
13.560000000000002,0.4269119070667957,high_ngal5
13.580000000000002,0.44240077444336884,high_ngal5
13.600000000000001,0.45014520813165537,high_ngal5
13.620000000000001,0.4666021297192643,high_ngal5
13.64,0.4830590513068732,high_ngal5
13.660000000000002,0.4927395934172314,high_ngal5
13.680000000000001,0.5072604065827686,high_ngal5
13.700000000000001,0.5275895450145208,high_ngal5
13.720000000000002,0.5392061955469506,high_ngal5
13.740000000000002,0.5488867376573088,high_ngal5
13.760000000000002,0.5682478218780251,high_ngal5
13.780000000000001,0.5856727976766699,high_ngal5
13.8,0.6108422071636012,high_ngal5
13.820000000000002,0.6185866408518877,high_ngal5
13.840000000000002,0.6108422071636012,high_ngal5
13.860000000000001,0.6156824782187803,high_ngal5
13.880000000000003,0.6379477250726041,high_ngal5
13.900000000000002,0.6282671829622459,high_ngal5
13.920000000000002,0.6243949661181026,high_ngal5
13.940000000000001,0.6282671829622459,high_ngal5
13.96,0.6544046466602129,high_ngal5
13.98,0.6602129719264279,high_ngal5
14.000000000000002,0.6727976766698935,high_ngal5
14.020000000000001,0.675701839303001,high_ngal5
14.040000000000001,0.6776379477250726,high_ngal5
14.060000000000002,0.675701839303001,high_ngal5
14.080000000000002,0.6815101645692159,high_ngal5
14.100000000000001,0.7115198451113263,high_ngal5
14.120000000000001,0.7192642787996127,high_ngal5
14.14,0.707647628267183,high_ngal5
14.160000000000002,0.7095837366892546,high_ngal5
14.180000000000001,0.7144240077444337,high_ngal5
14.200000000000001,0.7153920619554696,high_ngal5
14.220000000000002,0.7037754114230397,high_ngal5
14.240000000000002,0.6940948693126815,high_ngal5
14.260000000000002,0.6737657308809293,high_ngal5
14.280000000000001,0.6679574056147144,high_ngal5
14.3,0.648596321393998,high_ngal5
14.320000000000002,0.6447241045498547,high_ngal5
14.340000000000002,0.633107454017425,high_ngal5
14.360000000000001,0.6224588576960309,high_ngal5
14.380000000000003,0.6195546950629235,high_ngal5
14.400000000000002,0.611810261374637,high_ngal5
14.420000000000002,0.6001936108422071,high_ngal5
14.440000000000001,0.5943852855759922,high_ngal5
14.46,0.5856727976766699,high_ngal5
14.48,0.57405614714424,high_ngal5
14.500000000000002,0.5333978702807357,high_ngal5
14.520000000000001,0.537270087124879,high_ngal5
14.540000000000001,0.5256534365924492,high_ngal5
14.560000000000002,0.5150048402710552,high_ngal5
14.580000000000002,0.4975798644724105,high_ngal5
14.600000000000001,0.48693126815101645,high_ngal5
14.620000000000001,0.4724104549854792,high_ngal5
14.64,0.4530493707647628,high_ngal5
14.660000000000002,0.4404646660212972,high_ngal5
14.680000000000001,0.42400774443368827,high_ngal5
14.700000000000001,0.41723136495643753,high_ngal5
14.720000000000002,0.4036786060019361,high_ngal5
14.740000000000002,0.3910939012584705,high_ngal5
14.760000000000002,0.3688286544046467,high_ngal5
14.780000000000001,0.3494675701839303,high_ngal5
14.8,0.324298160696999,high_ngal5
14.820000000000002,0.31364956437560504,high_ngal5
14.840000000000002,0.30977734753146174,high_ngal5
14.860000000000001,0.2962245885769603,high_ngal5
14.880000000000003,0.27299128751210067,high_ngal5
14.900000000000002,0.2691190706679574,high_ngal5
14.920000000000002,0.26040658276863504,high_ngal5
14.940000000000001,0.25072604065827686,high_ngal5
14.96,0.2207163601161665,high_ngal5
14.98,0.21006776379477252,high_ngal5
15.000000000000002,0.19554695062923524,high_ngal5
15.020000000000001,0.18973862536302033,high_ngal5
15.040000000000001,0.1781219748305905,high_ngal5
15.060000000000002,0.17618586640851888,high_ngal5
15.080000000000002,0.16456921587608905,high_ngal5
15.100000000000001,0.1335914811229429,high_ngal5
15.120000000000001,0.1181026137463698,high_ngal5
15.14,0.11713455953533398,high_ngal5
15.160000000000002,0.11035818005808325,high_ngal5
15.180000000000001,0.10164569215876089,high_ngal5
15.200000000000001,0.09583736689254599,high_ngal5
15.220000000000002,0.09583736689254599,high_ngal5
15.240000000000002,0.09196515004840271,high_ngal5
15.260000000000002,0.0909970958373669,high_ngal5
15.280000000000001,0.08518877057115198,high_ngal5
15.3,0.08518877057115198,high_ngal5
15.32,0.0755082284607938,high_ngal5
15.340000000000002,0.0755082284607938,high_ngal5
15.360000000000001,0.0755082284607938,high_ngal5
15.380000000000003,0.05614714424007745,high_ngal5
15.400000000000002,0.05614714424007745,high_ngal5
15.420000000000002,0.05614714424007745,high_ngal5
15.440000000000001,0.041626331074540175,high_ngal5
15.46,0.03969022265246854,high_ngal5
15.48,0.03969022265246854,high_ngal5
15.500000000000002,0.03969022265246854,high_ngal5
15.520000000000001,0.022265246853823813,high_ngal5
15.540000000000003,0.022265246853823813,high_ngal5
15.560000000000002,0.022265246853823813,high_ngal5
15.580000000000002,0.022265246853823813,high_ngal5
15.600000000000001,0.022265246853823813,high_ngal5
15.620000000000001,0.016456921587608905,high_ngal5
15.64,0.016456921587608905,high_ngal5
15.660000000000002,0.016456921587608905,high_ngal5
15.680000000000001,0.016456921587608905,high_ngal5
15.700000000000003,0.0,high_ngal5
15.720000000000002,0.0,high_ngal5
15.740000000000002,0.0,high_ngal5
15.760000000000002,0.0,high_ngal5
15.780000000000001,0.0,high_ngal5
15.8,0.0,high_ngal5
15.82,0.0,high_ngal5
15.840000000000002,0.0,high_ngal5
15.860000000000001,0.0,high_ngal5
15.880000000000003,0.0,high_ngal5
15.900000000000002,0.0,high_ngal5
11.100000000000001,0.0,high_nhalo10
11.120000000000001,0.0,high_nhalo10
11.14,0.0,high_nhalo10
11.160000000000002,0.0,high_nhalo10
11.180000000000001,0.0,high_nhalo10
11.200000000000001,0.0,high_nhalo10
11.22,0.0,high_nhalo10
11.240000000000002,0.0,high_nhalo10
11.260000000000002,0.0,high_nhalo10
11.280000000000001,0.0,high_nhalo10
11.3,0.0,high_nhalo10
11.320000000000002,0.0,high_nhalo10
11.340000000000002,0.0,high_nhalo10
11.360000000000001,0.0,high_nhalo10
11.38,0.0,high_nhalo10
11.400000000000002,0.0,high_nhalo10
11.420000000000002,0.0,high_nhalo10
11.440000000000001,0.0,high_nhalo10
11.46,0.0,high_nhalo10
11.480000000000002,0.0,high_nhalo10
11.500000000000002,0.0,high_nhalo10
11.520000000000001,0.0,high_nhalo10
11.540000000000001,0.0,high_nhalo10
11.560000000000002,0.0,high_nhalo10
11.580000000000002,0.0,high_nhalo10
11.600000000000001,0.0,high_nhalo10
11.620000000000001,0.0,high_nhalo10
11.64,0.0,high_nhalo10
11.660000000000002,0.0,high_nhalo10
11.680000000000001,0.0,high_nhalo10
11.700000000000001,0.0,high_nhalo10
11.72,0.000968054211035818,high_nhalo10
11.740000000000002,0.001936108422071636,high_nhalo10
11.760000000000002,0.001936108422071636,high_nhalo10
11.780000000000001,0.001936108422071636,high_nhalo10
11.8,0.001936108422071636,high_nhalo10
11.820000000000002,0.001936108422071636,high_nhalo10
11.840000000000002,0.001936108422071636,high_nhalo10
11.860000000000001,0.001936108422071636,high_nhalo10
11.88,0.001936108422071636,high_nhalo10
11.900000000000002,0.001936108422071636,high_nhalo10
11.920000000000002,0.001936108422071636,high_nhalo10
11.940000000000001,0.001936108422071636,high_nhalo10
11.96,0.001936108422071636,high_nhalo10
11.980000000000002,0.001936108422071636,high_nhalo10
12.000000000000002,0.001936108422071636,high_nhalo10
12.020000000000001,0.001936108422071636,high_nhalo10
12.040000000000001,0.003872216844143272,high_nhalo10
12.060000000000002,0.003872216844143272,high_nhalo10
12.080000000000002,0.003872216844143272,high_nhalo10
12.100000000000001,0.00484027105517909,high_nhalo10
12.120000000000001,0.00484027105517909,high_nhalo10
12.14,0.00484027105517909,high_nhalo10
12.160000000000002,0.00484027105517909,high_nhalo10
12.180000000000001,0.00484027105517909,high_nhalo10
12.200000000000001,0.00484027105517909,high_nhalo10
12.220000000000002,0.00484027105517909,high_nhalo10
12.240000000000002,0.00484027105517909,high_nhalo10
12.260000000000002,0.00484027105517909,high_nhalo10
12.280000000000001,0.00484027105517909,high_nhalo10
12.3,0.006776379477250726,high_nhalo10
12.320000000000002,0.008712487899322363,high_nhalo10
12.340000000000002,0.008712487899322363,high_nhalo10
12.360000000000001,0.00968054211035818,high_nhalo10
12.38,0.010648596321393998,high_nhalo10
12.400000000000002,0.011616650532429816,high_nhalo10
12.420000000000002,0.013552758954501452,high_nhalo10
12.440000000000001,0.013552758954501452,high_nhalo10
12.46,0.015488867376573089,high_nhalo10
12.480000000000002,0.016456921587608905,high_nhalo10
12.500000000000002,0.016456921587608905,high_nhalo10
12.520000000000001,0.016456921587608905,high_nhalo10
12.540000000000001,0.018393030009680542,high_nhalo10
12.560000000000002,0.018393030009680542,high_nhalo10
12.580000000000002,0.018393030009680542,high_nhalo10
12.600000000000001,0.021297192642787996,high_nhalo10
12.620000000000001,0.021297192642787996,high_nhalo10
12.64,0.022265246853823813,high_nhalo10
12.660000000000002,0.022265246853823813,high_nhalo10
12.680000000000001,0.022265246853823813,high_nhalo10
12.700000000000001,0.022265246853823813,high_nhalo10
12.720000000000002,0.022265246853823813,high_nhalo10
12.740000000000002,0.021297192642787996,high_nhalo10
12.760000000000002,0.021297192642787996,high_nhalo10
12.780000000000001,0.021297192642787996,high_nhalo10
12.8,0.022265246853823813,high_nhalo10
12.820000000000002,0.022265246853823813,high_nhalo10
12.840000000000002,0.022265246853823813,high_nhalo10
12.860000000000001,0.023233301064859633,high_nhalo10
12.88,0.02420135527589545,high_nhalo10
12.900000000000002,0.02516940948693127,high_nhalo10
12.920000000000002,0.027105517909002903,high_nhalo10
12.940000000000001,0.028073572120038724,high_nhalo10
12.96,0.028073572120038724,high_nhalo10
12.980000000000002,0.02904162633107454,high_nhalo10
13.000000000000002,0.030009680542110357,high_nhalo10
13.020000000000001,0.030977734753146177,high_nhalo10
13.040000000000001,0.03581800580832527,high_nhalo10
13.060000000000002,0.03581800580832527,high_nhalo10
13.080000000000002,0.0377541142303969,high_nhalo10
13.100000000000001,0.0377541142303969,high_nhalo10
13.120000000000001,0.04259438528557599,high_nhalo10
13.14,0.044530493707647625,high_nhalo10
13.160000000000002,0.044530493707647625,high_nhalo10
13.180000000000001,0.04549854791868345,high_nhalo10
13.200000000000001,0.049370764762826716,high_nhalo10
13.220000000000002,0.05517909002904162,high_nhalo10
13.240000000000002,0.05808325266214908,high_nhalo10
13.260000000000002,0.061955469506292354,high_nhalo10
13.280000000000001,0.06776379477250725,high_nhalo10
13.3,0.06776379477250725,high_nhalo10
13.320000000000002,0.07066795740561471,high_nhalo10
13.340000000000002,0.07938044530493708,high_nhalo10
13.360000000000001,0.08712487899322362,high_nhalo10
13.380000000000003,0.09293320425943853,high_nhalo10
13.400000000000002,0.09583736689254599,high_nhalo10
13.420000000000002,0.10551790900290416,high_nhalo10
13.440000000000001,0.1181026137463698,high_nhalo10
13.46,0.12197483059051308,high_nhalo10
13.48,0.12778315585672798,high_nhalo10
13.500000000000002,0.17037754114230397,high_nhalo10
13.520000000000001,0.18102613746369797,high_nhalo10
13.540000000000001,0.1936108422071636,high_nhalo10
13.560000000000002,0.21297192642787996,high_nhalo10
13.580000000000002,0.23039690222652467,high_nhalo10
13.600000000000001,0.24588576960309777,high_nhalo10
13.620000000000001,0.26621490803484993,high_nhalo10
13.64,0.29138431752178123,high_nhalo10
13.660000000000002,0.30880929332042595,high_nhalo10
13.680000000000001,0.33010648596321396,high_nhalo10
13.700000000000001,0.3552758954501452,high_nhalo10
13.720000000000002,0.37947725072604066,high_nhalo10
13.740000000000002,0.3978702807357212,high_nhalo10
13.760000000000002,0.43852855759922554,high_nhalo10
13.780000000000001,0.46950629235237173,high_nhalo10
13.8,0.5072604065827686,high_nhalo10
13.820000000000002,0.5246853823814134,high_nhalo10
13.840000000000002,0.5343659244917716,high_nhalo10
13.860000000000001,0.5556631171345595,high_nhalo10
13.880000000000003,0.5759922555663117,high_nhalo10
13.900000000000002,0.579864472410455,high_nhalo10
13.920000000000002,0.5914811229428848,high_nhalo10
13.940000000000001,0.6021297192642788,high_nhalo10
13.96,0.6447241045498547,high_nhalo10
13.98,0.6563407550822846,high_nhalo10
14.000000000000002,0.6737657308809293,high_nhalo10
14.020000000000001,0.68054211035818,high_nhalo10
14.040000000000001,0.6921587608906099,high_nhalo10
14.060000000000002,0.6950629235237173,high_nhalo10
14.080000000000002,0.7105517909002904,high_nhalo10
14.100000000000001,0.7454017424975798,high_nhalo10
14.120000000000001,0.7589545014520813,high_nhalo10
14.14,0.7628267182962246,high_nhalo10
14.160000000000002,0.7744433688286544,high_nhalo10
14.180000000000001,0.7918683446272992,high_nhalo10
14.200000000000001,0.7947725072604066,high_nhalo10
14.220000000000002,0.7889641819941917,high_nhalo10
14.240000000000002,0.7909002904162633,high_nhalo10
14.260000000000002,0.7909002904162633,high_nhalo10
14.280000000000001,0.7947725072604066,high_nhalo10
14.3,0.7928363988383349,high_nhalo10
14.320000000000002,0.8063891577928364,high_nhalo10
14.340000000000002,0.797676669893514,high_nhalo10
14.360000000000001,0.7889641819941917,high_nhalo10
14.380000000000003,0.8063891577928364,high_nhalo10
14.400000000000002,0.8025169409486931,high_nhalo10
14.420000000000002,0.7909002904162633,high_nhalo10
14.440000000000001,0.7947725072604066,high_nhalo10
14.46,0.797676669893514,high_nhalo10
14.48,0.7909002904162633,high_nhalo10
14.500000000000002,0.7483059051306873,high_nhalo10
14.520000000000001,0.7570183930300097,high_nhalo10
14.540000000000001,0.7424975798644724,high_nhalo10
14.560000000000002,0.723136495643756,high_nhalo10
14.580000000000002,0.7057115198451114,high_nhalo10
14.600000000000001,0.6873184898354308,high_nhalo10
14.620000000000001,0.68054211035818,high_nhalo10
14.64,0.6544046466602129,high_nhalo10
14.660000000000002,0.6369796708615683,high_nhalo10
14.680000000000001,0.6156824782187803,high_nhalo10
14.700000000000001,0.6224588576960309,high_nhalo10
14.720000000000002,0.5972894482090997,high_nhalo10
14.740000000000002,0.5788964181994192,high_nhalo10
14.760000000000002,0.5382381413359149,high_nhalo10
14.780000000000001,0.5072604065827686,high_nhalo10
14.8,0.46853823814133594,high_nhalo10
14.820000000000002,0.45111326234269117,high_nhalo10
14.840000000000002,0.441432720232333,high_nhalo10
14.860000000000001,0.4191674733785092,high_nhalo10
14.880000000000003,0.3978702807357212,high_nhalo10
14.900000000000002,0.39303000968054214,high_nhalo10
14.920000000000002,0.37947725072604066,high_nhalo10
14.940000000000001,0.36786060019361083,high_nhalo10
14.96,0.32526621490803487,high_nhalo10
14.98,0.31268151016456924,high_nhalo10
15.000000000000002,0.2942884801548887,high_nhalo10
15.020000000000001,0.28654404646660214,high_nhalo10
15.040000000000001,0.2681510164569216,high_nhalo10
15.060000000000002,0.26524685382381413,high_nhalo10
15.080000000000002,0.24782187802516942,high_nhalo10
15.100000000000001,0.21200387221684414,high_nhalo10
15.120000000000001,0.1936108422071636,high_nhalo10
15.14,0.18780251694094868,high_nhalo10
15.160000000000002,0.17618586640851888,high_nhalo10
15.180000000000001,0.15779283639883834,high_nhalo10
15.200000000000001,0.1510164569215876,high_nhalo10
15.220000000000002,0.1510164569215876,high_nhalo10
15.240000000000002,0.14617618586640851,high_nhalo10
15.260000000000002,0.14230396902226525,high_nhalo10
15.280000000000001,0.13262342691190707,high_nhalo10
15.3,0.13262342691190707,high_nhalo10
15.32,0.11423039690222653,high_nhalo10
15.340000000000002,0.11423039690222653,high_nhalo10
15.360000000000001,0.11423039690222653,high_nhalo10
15.380000000000003,0.09002904162633107,high_nhalo10
15.400000000000002,0.09002904162633107,high_nhalo10
15.420000000000002,0.09002904162633107,high_nhalo10
15.440000000000001,0.07357212003872217,high_nhalo10
15.46,0.06485963213939981,high_nhalo10
15.48,0.06485963213939981,high_nhalo10
15.500000000000002,0.06485963213939981,high_nhalo10
15.520000000000001,0.04549854791868345,high_nhalo10
15.540000000000003,0.04549854791868345,high_nhalo10
15.560000000000002,0.04549854791868345,high_nhalo10
15.580000000000002,0.04549854791868345,high_nhalo10
15.600000000000001,0.04549854791868345,high_nhalo10
15.620000000000001,0.031945788964181994,high_nhalo10
15.64,0.031945788964181994,high_nhalo10
15.660000000000002,0.031945788964181994,high_nhalo10
15.680000000000001,0.031945788964181994,high_nhalo10
15.700000000000003,0.0,high_nhalo10
15.720000000000002,0.0,high_nhalo10
15.740000000000002,0.0,high_nhalo10
15.760000000000002,0.0,high_nhalo10
15.780000000000001,0.0,high_nhalo10
15.8,0.0,high_nhalo10
15.82,0.0,high_nhalo10
15.840000000000002,0.0,high_nhalo10
15.860000000000001,0.0,high_nhalo10
15.880000000000003,0.0,high_nhalo10
15.900000000000002,0.0,high_nhalo10
11.100000000000001,0.0,high_ngal10
11.120000000000001,0.0,high_ngal10
11.14,0.0,high_ngal10
11.160000000000002,0.0,high_ngal10
11.180000000000001,0.0,high_ngal10
11.200000000000001,0.0,high_ngal10
11.22,0.0,high_ngal10
11.240000000000002,0.0,high_ngal10
11.260000000000002,0.0,high_ngal10
11.280000000000001,0.0,high_ngal10
11.3,0.0,high_ngal10
11.320000000000002,0.0,high_ngal10
11.340000000000002,0.0,high_ngal10
11.360000000000001,0.0,high_ngal10
11.38,0.0,high_ngal10
11.400000000000002,0.0,high_ngal10
11.420000000000002,0.0,high_ngal10
11.440000000000001,0.0,high_ngal10
11.46,0.0,high_ngal10
11.480000000000002,0.0,high_ngal10
11.500000000000002,0.0,high_ngal10
11.520000000000001,0.0,high_ngal10
11.540000000000001,0.0,high_ngal10
11.560000000000002,0.0,high_ngal10
11.580000000000002,0.0,high_ngal10
11.600000000000001,0.0,high_ngal10
11.620000000000001,0.0,high_ngal10
11.64,0.0,high_ngal10
11.660000000000002,0.0,high_ngal10
11.680000000000001,0.0,high_ngal10
11.700000000000001,0.0,high_ngal10
11.72,0.000968054211035818,high_ngal10
11.740000000000002,0.001936108422071636,high_ngal10
11.760000000000002,0.001936108422071636,high_ngal10
11.780000000000001,0.001936108422071636,high_ngal10
11.8,0.001936108422071636,high_ngal10
11.820000000000002,0.001936108422071636,high_ngal10
11.840000000000002,0.001936108422071636,high_ngal10
11.860000000000001,0.001936108422071636,high_ngal10
11.88,0.002904162633107454,high_ngal10
11.900000000000002,0.003872216844143272,high_ngal10
11.920000000000002,0.00484027105517909,high_ngal10
11.940000000000001,0.00484027105517909,high_ngal10
11.96,0.00484027105517909,high_ngal10
11.980000000000002,0.00484027105517909,high_ngal10
12.000000000000002,0.00484027105517909,high_ngal10
12.020000000000001,0.00484027105517909,high_ngal10
12.040000000000001,0.006776379477250726,high_ngal10
12.060000000000002,0.006776379477250726,high_ngal10
12.080000000000002,0.006776379477250726,high_ngal10
12.100000000000001,0.007744433688286544,high_ngal10
12.120000000000001,0.007744433688286544,high_ngal10
12.14,0.007744433688286544,high_ngal10
12.160000000000002,0.007744433688286544,high_ngal10
12.180000000000001,0.007744433688286544,high_ngal10
12.200000000000001,0.007744433688286544,high_ngal10
12.220000000000002,0.008712487899322363,high_ngal10
12.240000000000002,0.00968054211035818,high_ngal10
12.260000000000002,0.00968054211035818,high_ngal10
12.280000000000001,0.00968054211035818,high_ngal10
12.3,0.012584704743465635,high_ngal10
12.320000000000002,0.012584704743465635,high_ngal10
12.340000000000002,0.012584704743465635,high_ngal10
12.360000000000001,0.012584704743465635,high_ngal10
12.38,0.01452081316553727,high_ngal10
12.400000000000002,0.015488867376573089,high_ngal10
12.420000000000002,0.016456921587608905,high_ngal10
12.440000000000001,0.016456921587608905,high_ngal10
12.46,0.02032913843175218,high_ngal10
12.480000000000002,0.02516940948693127,high_ngal10
12.500000000000002,0.02516940948693127,high_ngal10
12.520000000000001,0.02516940948693127,high_ngal10
12.540000000000001,0.027105517909002903,high_ngal10
12.560000000000002,0.027105517909002903,high_ngal10
12.580000000000002,0.02904162633107454,high_ngal10
12.600000000000001,0.030009680542110357,high_ngal10
12.620000000000001,0.030977734753146177,high_ngal10
12.64,0.03484995159728945,high_ngal10
12.660000000000002,0.03484995159728945,high_ngal10
12.680000000000001,0.03484995159728945,high_ngal10
12.700000000000001,0.03581800580832527,high_ngal10
12.720000000000002,0.03581800580832527,high_ngal10
12.740000000000002,0.03581800580832527,high_ngal10
12.760000000000002,0.03969022265246854,high_ngal10
12.780000000000001,0.04065827686350436,high_ngal10
12.8,0.04065827686350436,high_ngal10
12.820000000000002,0.04065827686350436,high_ngal10
12.840000000000002,0.04356243949661181,high_ngal10
12.860000000000001,0.0484027105517909,high_ngal10
12.88,0.05033881897386254,high_ngal10
12.900000000000002,0.05227492739593417,high_ngal10
12.920000000000002,0.061955469506292354,high_ngal10
12.940000000000001,0.061955469506292354,high_ngal10
12.96,0.06389157792836399,high_ngal10
12.980000000000002,0.06582768635043562,high_ngal10
13.000000000000002,0.06873184898354308,high_ngal10
13.020000000000001,0.07163601161665054,high_ngal10
13.040000000000001,0.07938044530493708,high_ngal10
13.060000000000002,0.0803484995159729,high_ngal10
13.080000000000002,0.08228460793804453,high_ngal10
13.100000000000001,0.08422071636011616,high_ngal10
13.120000000000001,0.08809293320425944,high_ngal10
13.14,0.09293320425943853,high_ngal10
13.160000000000002,0.09486931268151017,high_ngal10
13.180000000000001,0.09583736689254599,high_ngal10
13.200000000000001,0.10067763794772508,high_ngal10
13.220000000000002,0.10261374636979671,high_ngal10
13.240000000000002,0.10648596321393998,high_ngal10
13.260000000000002,0.12003872216844143,high_ngal10
13.280000000000001,0.13068731848983542,high_ngal10
13.3,0.13843175217812198,high_ngal10
13.320000000000002,0.15004840271055178,high_ngal10
13.340000000000002,0.15779283639883834,high_ngal10
13.360000000000001,0.17424975798644723,high_ngal10
13.380000000000003,0.19167473378509198,high_ngal10
13.400000000000002,0.19554695062923524,high_ngal10
13.420000000000002,0.20329138431752178,high_ngal10
13.440000000000001,0.22265246853823814,high_ngal10
13.46,0.2245885769603098,high_ngal10
13.48,0.22942884801548888,high_ngal10
13.500000000000002,0.2739593417231365,high_ngal10
13.520000000000001,0.2904162633107454,high_ngal10
13.540000000000001,0.29912875121006777,high_ngal10
13.560000000000002,0.30977734753146174,high_ngal10
13.580000000000002,0.324298160696999,high_ngal10
13.600000000000001,0.3339787028073572,high_ngal10
13.620000000000001,0.3591481122942885,high_ngal10
13.64,0.37947725072604066,high_ngal10
13.660000000000002,0.39303000968054214,high_ngal10
13.680000000000001,0.4075508228460794,high_ngal10
13.700000000000001,0.430784123910939,high_ngal10
13.720000000000002,0.44724104549854793,high_ngal10
13.740000000000002,0.45982575024201355,high_ngal10
13.760000000000002,0.4898354307841239,high_ngal10
13.780000000000001,0.5150048402710552,high_ngal10
13.8,0.547918683446273,high_ngal10
13.820000000000002,0.558567279767667,high_ngal10
13.840000000000002,0.5605033881897387,high_ngal10
13.860000000000001,0.5721200387221684,high_ngal10
13.880000000000003,0.5914811229428848,high_ngal10
13.900000000000002,0.5924491771539206,high_ngal10
13.920000000000002,0.5924491771539206,high_ngal10
13.940000000000001,0.6030977734753146,high_ngal10
13.96,0.6389157792836399,high_ngal10
13.98,0.6495643756050339,high_ngal10
14.000000000000002,0.665053242981607,high_ngal10
14.020000000000001,0.6669893514036787,high_ngal10
14.040000000000001,0.6727976766698935,high_ngal10
14.060000000000002,0.6718296224588577,high_ngal10
14.080000000000002,0.6853823814133592,high_ngal10
14.100000000000001,0.7173281703775412,high_ngal10
14.120000000000001,0.7328170377541142,high_ngal10
14.14,0.7337850919651501,high_ngal10
14.160000000000002,0.7424975798644724,high_ngal10
14.180000000000001,0.7512100677637947,high_ngal10
14.200000000000001,0.7521781219748306,high_ngal10
14.220000000000002,0.7492739593417231,high_ngal10
14.240000000000002,0.7492739593417231,high_ngal10
14.260000000000002,0.7415295256534365,high_ngal10
14.280000000000001,0.7376573088092934,high_ngal10
14.3,0.7270087124878993,high_ngal10
14.320000000000002,0.7299128751210068,high_ngal10
14.340000000000002,0.7221684414327202,high_ngal10
14.360000000000001,0.7057115198451114,high_ngal10
14.380000000000003,0.7105517909002904,high_ngal10
14.400000000000002,0.7057115198451114,high_ngal10
14.420000000000002,0.6969990319457889,high_ngal10
14.440000000000001,0.6950629235237173,high_ngal10
14.46,0.6960309777347532,high_ngal10
14.48,0.686350435624395,high_ngal10
14.500000000000002,0.6418199419167473,high_ngal10
14.520000000000001,0.643756050338819,high_ngal10
14.540000000000001,0.633107454017425,high_ngal10
14.560000000000002,0.6224588576960309,high_ngal10
14.580000000000002,0.6060019361084221,high_ngal10
14.600000000000001,0.5953533397870281,high_ngal10
14.620000000000001,0.5818005808325266,high_ngal10
14.64,0.5575992255566312,high_ngal10
14.660000000000002,0.5440464666021297,high_ngal10
14.680000000000001,0.5295256534365924,high_ngal10
14.700000000000001,0.5333978702807357,high_ngal10
14.720000000000002,0.515972894482091,high_ngal10
14.740000000000002,0.5024201355275896,high_ngal10
14.760000000000002,0.46853823814133594,high_ngal10
14.780000000000001,0.44240077444336884,high_ngal10
14.8,0.409486931268151,high_ngal10
14.820000000000002,0.398838334946757,high_ngal10
14.840000000000002,0.39399806389157793,high_ngal10
14.860000000000001,0.377541142303969,high_ngal10
14.880000000000003,0.3552758954501452,high_ngal10
14.900000000000002,0.3514036786060019,high_ngal10
14.920000000000002,0.34075508228460794,high_ngal10
14.940000000000001,0.33010648596321396,high_ngal10
14.96,0.29235237173281703,high_ngal10
14.98,0.2797676669893514,high_ngal10
15.000000000000002,0.26137463697967084,high_ngal10
15.020000000000001,0.25653436592449175,high_ngal10
15.040000000000001,0.24104549854791868,high_ngal10
15.060000000000002,0.24104549854791868,high_ngal10
15.080000000000002,0.22555663117134558,high_ngal10
15.100000000000001,0.19070667957405615,high_ngal10
15.120000000000001,0.1713455953533398,high_ngal10
15.14,0.16553727008712488,high_ngal10
15.160000000000002,0.15488867376573087,high_ngal10
15.180000000000001,0.1452081316553727,high_ngal10
15.200000000000001,0.1393998063891578,high_ngal10
15.220000000000002,0.1393998063891578,high_ngal10
15.240000000000002,0.1345595353339787,high_ngal10
15.260000000000002,0.1287512100677638,high_ngal10
15.280000000000001,0.12197483059051308,high_ngal10
15.3,0.12197483059051308,high_ngal10
15.32,0.1074540174249758,high_ngal10
15.340000000000002,0.1074540174249758,high_ngal10
15.360000000000001,0.1074540174249758,high_ngal10
15.380000000000003,0.08325266214908035,high_ngal10
15.400000000000002,0.08325266214908035,high_ngal10
15.420000000000002,0.08325266214908035,high_ngal10
15.440000000000001,0.06582768635043562,high_ngal10
15.46,0.0590513068731849,high_ngal10
15.48,0.0590513068731849,high_ngal10
15.500000000000002,0.0590513068731849,high_ngal10
15.520000000000001,0.04065827686350436,high_ngal10
15.540000000000003,0.04065827686350436,high_ngal10
15.560000000000002,0.04065827686350436,high_ngal10
15.580000000000002,0.04065827686350436,high_ngal10
15.600000000000001,0.04065827686350436,high_ngal10
15.620000000000001,0.028073572120038724,high_ngal10
15.64,0.028073572120038724,high_ngal10
15.660000000000002,0.028073572120038724,high_ngal10
15.680000000000001,0.028073572120038724,high_ngal10
15.700000000000003,0.0,high_ngal10
15.720000000000002,0.0,high_ngal10
15.740000000000002,0.0,high_ngal10
15.760000000000002,0.0,high_ngal10
15.780000000000001,0.0,high_ngal10
15.8,0.0,high_ngal10
15.82,0.0,high_ngal10
15.840000000000002,0.0,high_ngal10
15.860000000000001,0.0,high_ngal10
15.880000000000003,0.0,high_ngal10
15.900000000000002,0.0,high_ngal10
11.100000000000001,0.0,high_ngal15
11.120000000000001,0.0,high_ngal15
11.14,0.0,high_ngal15
11.160000000000002,0.0,high_ngal15
11.180000000000001,0.0,high_ngal15
11.200000000000001,0.0,high_ngal15
11.22,0.000968054211035818,high_ngal15
11.240000000000002,0.000968054211035818,high_ngal15
11.260000000000002,0.000968054211035818,high_ngal15
11.280000000000001,0.000968054211035818,high_ngal15
11.3,0.000968054211035818,high_ngal15
11.320000000000002,0.000968054211035818,high_ngal15
11.340000000000002,0.000968054211035818,high_ngal15
11.360000000000001,0.000968054211035818,high_ngal15
11.38,0.000968054211035818,high_ngal15
11.400000000000002,0.000968054211035818,high_ngal15
11.420000000000002,0.000968054211035818,high_ngal15
11.440000000000001,0.000968054211035818,high_ngal15
11.46,0.000968054211035818,high_ngal15
11.480000000000002,0.000968054211035818,high_ngal15
11.500000000000002,0.001936108422071636,high_ngal15
11.520000000000001,0.001936108422071636,high_ngal15
11.540000000000001,0.001936108422071636,high_ngal15
11.560000000000002,0.001936108422071636,high_ngal15
11.580000000000002,0.001936108422071636,high_ngal15
11.600000000000001,0.002904162633107454,high_ngal15
11.620000000000001,0.002904162633107454,high_ngal15
11.64,0.002904162633107454,high_ngal15
11.660000000000002,0.002904162633107454,high_ngal15
11.680000000000001,0.003872216844143272,high_ngal15
11.700000000000001,0.003872216844143272,high_ngal15
11.72,0.005808325266214908,high_ngal15
11.740000000000002,0.006776379477250726,high_ngal15
11.760000000000002,0.006776379477250726,high_ngal15
11.780000000000001,0.006776379477250726,high_ngal15
11.8,0.006776379477250726,high_ngal15
11.820000000000002,0.007744433688286544,high_ngal15
11.840000000000002,0.007744433688286544,high_ngal15
11.860000000000001,0.007744433688286544,high_ngal15
11.88,0.00968054211035818,high_ngal15
11.900000000000002,0.00968054211035818,high_ngal15
11.920000000000002,0.00968054211035818,high_ngal15
11.940000000000001,0.010648596321393998,high_ngal15
11.96,0.011616650532429816,high_ngal15
11.980000000000002,0.011616650532429816,high_ngal15
12.000000000000002,0.012584704743465635,high_ngal15
12.020000000000001,0.01452081316553727,high_ngal15
12.040000000000001,0.016456921587608905,high_ngal15
12.060000000000002,0.016456921587608905,high_ngal15
12.080000000000002,0.016456921587608905,high_ngal15
12.100000000000001,0.017424975798644726,high_ngal15
12.120000000000001,0.017424975798644726,high_ngal15
12.14,0.017424975798644726,high_ngal15
12.160000000000002,0.018393030009680542,high_ngal15
12.180000000000001,0.01936108422071636,high_ngal15
12.200000000000001,0.01936108422071636,high_ngal15
12.220000000000002,0.018393030009680542,high_ngal15
12.240000000000002,0.018393030009680542,high_ngal15
12.260000000000002,0.01936108422071636,high_ngal15
12.280000000000001,0.02032913843175218,high_ngal15
12.3,0.02420135527589545,high_ngal15
12.320000000000002,0.026137463697967087,high_ngal15
12.340000000000002,0.026137463697967087,high_ngal15
12.360000000000001,0.028073572120038724,high_ngal15
12.38,0.030009680542110357,high_ngal15
12.400000000000002,0.030977734753146177,high_ngal15
12.420000000000002,0.03388189738625363,high_ngal15
12.440000000000001,0.03484995159728945,high_ngal15
12.46,0.04065827686350436,high_ngal15
12.480000000000002,0.041626331074540175,high_ngal15
12.500000000000002,0.04259438528557599,high_ngal15
12.520000000000001,0.04259438528557599,high_ngal15
12.540000000000001,0.044530493707647625,high_ngal15
12.560000000000002,0.044530493707647625,high_ngal15
12.580000000000002,0.04743465634075508,high_ngal15
12.600000000000001,0.049370764762826716,high_ngal15
12.620000000000001,0.051306873184898356,high_ngal15
12.64,0.05324298160696999,high_ngal15
12.660000000000002,0.05421103581800581,high_ngal15
12.680000000000001,0.05421103581800581,high_ngal15
12.700000000000001,0.05517909002904162,high_ngal15
12.720000000000002,0.05421103581800581,high_ngal15
12.740000000000002,0.05517909002904162,high_ngal15
12.760000000000002,0.057115198451113264,high_ngal15
12.780000000000001,0.06098741529525654,high_ngal15
12.8,0.06098741529525654,high_ngal15
12.820000000000002,0.061955469506292354,high_ngal15
12.840000000000002,0.0696999031945789,high_ngal15
12.860000000000001,0.07357212003872217,high_ngal15
12.88,0.07163601161665054,high_ngal15
12.900000000000002,0.07260406582768635,high_ngal15
12.920000000000002,0.08131655372700872,high_ngal15
12.940000000000001,0.08131655372700872,high_ngal15
12.96,0.08228460793804453,high_ngal15
12.980000000000002,0.08228460793804453,high_ngal15
13.000000000000002,0.08518877057115198,high_ngal15
13.020000000000001,0.08615682478218781,high_ngal15
13.040000000000001,0.09002904162633107,high_ngal15
13.060000000000002,0.0909970958373669,high_ngal15
13.080000000000002,0.0909970958373669,high_ngal15
13.100000000000001,0.09390125847047434,high_ngal15
13.120000000000001,0.09390125847047434,high_ngal15
13.14,0.09777347531461762,high_ngal15
13.160000000000002,0.10067763794772508,high_ngal15
13.180000000000001,0.10067763794772508,high_ngal15
13.200000000000001,0.10454985479186835,high_ngal15
13.220000000000002,0.10842207163601161,high_ngal15
13.240000000000002,0.11035818005808325,high_ngal15
13.260000000000002,0.11907066795740562,high_ngal15
13.280000000000001,0.12778315585672798,high_ngal15
13.3,0.1345595353339787,high_ngal15
13.320000000000002,0.14327202323330107,high_ngal15
13.340000000000002,0.15295256534365925,high_ngal15
13.360000000000001,0.16263310745401743,high_ngal15
13.380000000000003,0.1781219748305905,high_ngal15
13.400000000000002,0.18005808325266215,high_ngal15
13.420000000000002,0.18780251694094868,high_ngal15
13.440000000000001,0.19651500484027107,high_ngal15
13.46,0.19264278799612777,high_ngal15
13.48,0.19264278799612777,high_ngal15
13.500000000000002,0.2313649564375605,high_ngal15
13.520000000000001,0.2420135527589545,high_ngal15
13.540000000000001,0.24588576960309777,high_ngal15
13.560000000000002,0.26040658276863504,high_ngal15
13.580000000000002,0.2671829622458858,high_ngal15
13.600000000000001,0.2739593417231365,high_ngal15
13.620000000000001,0.29912875121006777,high_ngal15
13.64,0.31752178121974833,high_ngal15
13.660000000000002,0.33010648596321396,high_ngal15
13.680000000000001,0.3436592449177154,high_ngal15
13.700000000000001,0.36689254598257504,high_ngal15
13.720000000000002,0.3862536302032914,high_ngal15
13.740000000000002,0.398838334946757,high_ngal15
13.760000000000002,0.4259438528557599,high_ngal15
13.780000000000001,0.43852855759922554,high_ngal15
13.8,0.4714424007744434,high_ngal15
13.820000000000002,0.4791868344627299,high_ngal15
13.840000000000002,0.4782187802516941,high_ngal15
13.860000000000001,0.4927395934172314,high_ngal15
13.880000000000003,0.5111326234269119,high_ngal15
13.900000000000002,0.515972894482091,high_ngal15
13.920000000000002,0.5188770571151985,high_ngal15
13.940000000000001,0.5295256534365924,high_ngal15
13.96,0.5701839303000968,high_ngal15
13.98,0.5818005808325266,high_ngal15
14.000000000000002,0.5972894482090997,high_ngal15
14.020000000000001,0.601161665053243,high_ngal15
14.040000000000001,0.6147144240077445,high_ngal15
14.060000000000002,0.616650532429816,high_ngal15
14.080000000000002,0.6340755082284608,high_ngal15
14.100000000000001,0.6718296224588577,high_ngal15
14.120000000000001,0.6902226524685382,high_ngal15
14.14,0.6960309777347532,high_ngal15
14.160000000000002,0.7037754114230397,high_ngal15
14.180000000000001,0.7212003872216844,high_ngal15
14.200000000000001,0.7221684414327202,high_ngal15
14.220000000000002,0.718296224588577,high_ngal15
14.240000000000002,0.7212003872216844,high_ngal15
14.260000000000002,0.7173281703775412,high_ngal15
14.280000000000001,0.7153920619554696,high_ngal15
14.3,0.7047434656340755,high_ngal15
14.320000000000002,0.7134559535333979,high_ngal15
14.340000000000002,0.7037754114230397,high_ngal15
14.360000000000001,0.6921587608906099,high_ngal15
14.380000000000003,0.6999031945788964,high_ngal15
14.400000000000002,0.6969990319457889,high_ngal15
14.420000000000002,0.686350435624395,high_ngal15
14.440000000000001,0.6940948693126815,high_ngal15
14.46,0.7008712487899322,high_ngal15
14.48,0.6999031945788964,high_ngal15
14.500000000000002,0.6592449177153921,high_ngal15
14.520000000000001,0.6679574056147144,high_ngal15
14.540000000000001,0.6621490803484995,high_ngal15
14.560000000000002,0.6476282671829623,high_ngal15
14.580000000000002,0.6379477250726041,high_ngal15
14.600000000000001,0.6282671829622459,high_ngal15
14.620000000000001,0.6156824782187803,high_ngal15
14.64,0.5953533397870281,high_ngal15
14.660000000000002,0.5818005808325266,high_ngal15
14.680000000000001,0.5672797676669894,high_ngal15
14.700000000000001,0.57405614714424,high_ngal15
14.720000000000002,0.5537270087124879,high_ngal15
14.740000000000002,0.5392061955469506,high_ngal15
14.760000000000002,0.510164569215876,high_ngal15
14.780000000000001,0.4937076476282672,high_ngal15
14.8,0.46079380445304935,high_ngal15
14.820000000000002,0.45111326234269117,high_ngal15
14.840000000000002,0.4443368828654405,high_ngal15
14.860000000000001,0.4259438528557599,high_ngal15
14.880000000000003,0.4075508228460794,high_ngal15
14.900000000000002,0.40174249757986447,high_ngal15
14.920000000000002,0.39012584704743464,high_ngal15
14.940000000000001,0.37850919651500486,high_ngal15
14.96,0.33591481122942884,high_ngal15
14.98,0.324298160696999,high_ngal15
15.000000000000002,0.30493707647628265,high_ngal15
15.020000000000001,0.29816069699903197,high_ngal15
15.040000000000001,0.2787996127783156,high_ngal15
15.060000000000002,0.2758954501452081,high_ngal15
15.080000000000002,0.2584704743465634,high_ngal15
15.100000000000001,0.21684414327202323,high_ngal15
15.120000000000001,0.1984511132623427,high_ngal15
15.14,0.1887705711519845,high_ngal15
15.160000000000002,0.1771539206195547,high_ngal15
15.180000000000001,0.15876089060987417,high_ngal15
15.200000000000001,0.15392061955469508,high_ngal15
15.220000000000002,0.15392061955469508,high_ngal15
15.240000000000002,0.14908034849951599,high_ngal15
15.260000000000002,0.14327202323330107,high_ngal15
15.280000000000001,0.1355275895450145,high_ngal15
15.3,0.1355275895450145,high_ngal15
15.32,0.11616650532429816,high_ngal15
15.340000000000002,0.11616650532429816,high_ngal15
15.360000000000001,0.11616650532429816,high_ngal15
15.380000000000003,0.0909970958373669,high_ngal15
15.400000000000002,0.0909970958373669,high_ngal15
15.420000000000002,0.0909970958373669,high_ngal15
15.440000000000001,0.07357212003872217,high_ngal15
15.46,0.06485963213939981,high_ngal15
15.48,0.06485963213939981,high_ngal15
15.500000000000002,0.06485963213939981,high_ngal15
15.520000000000001,0.04549854791868345,high_ngal15
15.540000000000003,0.04549854791868345,high_ngal15
15.560000000000002,0.04549854791868345,high_ngal15
15.580000000000002,0.04549854791868345,high_ngal15
15.600000000000001,0.04549854791868345,high_ngal15
15.620000000000001,0.030977734753146177,high_ngal15
15.64,0.030977734753146177,high_ngal15
15.660000000000002,0.030977734753146177,high_ngal15
15.680000000000001,0.030977734753146177,high_ngal15
15.700000000000003,0.0,high_ngal15
15.720000000000002,0.0,high_ngal15
15.740000000000002,0.0,high_ngal15
15.760000000000002,0.0,high_ngal15
15.780000000000001,0.0,high_ngal15
15.8,0.0,high_ngal15
15.82,0.0,high_ngal15
15.840000000000002,0.0,high_ngal15
15.860000000000001,0.0,high_ngal15
15.880000000000003,0.0,high_ngal15
15.900000000000002,0.0,high_ngal15
