sample,model,task,algorithm,family,radius,cv_score,RMSE,MAE,R2,Spearman,Brier,LogLoss,ROC_AUC,PR_AUC,AP
halo_level,A,regression,Dummy,Dummy,,0.6758504033405012,0.6348224373353365,0.5042022461702329,-0.03031121281968252,,,,,,
halo_level,A,regression,Linear,Linear,,0.670719249052213,0.6293868083335505,0.502991654658606,-0.012742794686177561,0.1104197806195234,,,,,
halo_level,A,regression,RandomForest,RF_depth6_leaf10,,0.6772616522042796,0.6339263917301445,0.5050975505272561,-0.027404717295870906,0.06316066857767627,,,,,
halo_level,A,classification,Dummy,Dummy,,0.23507363497283507,,,,,0.21879441585069648,0.6297530427502694,0.5,0.6557522123893805,0.31150442477876106
halo_level,A,classification,Logistic,Logistic,,0.23379568019612904,,,,,0.21718654116984148,0.6261606726873373,0.5465500116849731,0.36341838606582555,0.36679313586858586
halo_level,A,classification,RandomForest,RF_depth6_leaf10,,0.23661842145499332,,,,,0.2216799162389816,0.6367925048400491,0.4982910726805329,0.3195556050741152,0.323427183965026
halo_level,B,regression,Dummy,Dummy,,0.6758504033405012,0.6348224373353365,0.5042022461702329,-0.03031121281968252,,,,,,
halo_level,B,regression,Linear,Linear,,0.6706744658746722,0.629083129711428,0.5021346099396733,-0.01176573531196512,0.1133943562568081,,,,,
halo_level,B,regression,RandomForest,RF_depth6_leaf10,,0.6787986437500813,0.6301034979096165,0.5032477111711458,-0.015050550251990424,0.11005793646002339,,,,,
halo_level,B,classification,Dummy,Dummy,,0.23507363497283507,,,,,0.21879441585069648,0.6297530427502694,0.5,0.6557522123893805,0.31150442477876106
halo_level,B,classification,Logistic,Logistic,,0.2336277618195022,,,,,0.21597818361843282,0.6235654132228577,0.5574462491236271,0.3870999450206721,0.38995444208676816
halo_level,B,classification,RandomForest,RF_depth6_leaf10,,0.23588754097435657,,,,,0.21972168052816193,0.6316510065153058,0.515504498714653,0.3370757578889285,0.3418611927563554
halo_level,C,regression,Dummy,Dummy,1.0,0.6758504033405012,0.6348224373353365,0.5042022461702329,-0.03031121281968252,,,,,,
halo_level,C,regression,Linear,Linear,15.0,0.5319603060501924,0.5358347778905006,0.42688503241735504,0.26594992852431754,0.5835765767354945,,,,,
halo_level,C,regression,RandomForest,RF_depthNone_leaf30,15.0,0.5181953873122906,0.530689439017999,0.4183369344688533,0.27997963528424197,0.5664481069201067,,,,,
halo_level,C,classification,Dummy,Dummy,1.0,0.23507363497283507,,,,,0.21879441585069648,0.6297530427502694,0.5,0.6557522123893805,0.31150442477876106
halo_level,C,classification,Logistic,Logistic,15.0,0.1497971469818997,,,,,0.1537129995269559,0.4737936265887834,0.8295162421126432,0.6620757144345936,0.6640381920103817
halo_level,C,classification,RandomForest,RF_depthNone_leaf30,15.0,0.15468141225133333,,,,,0.1550270318130467,0.47964593869559347,0.8209716055153073,0.6397143771680671,0.6437909444853653
halo_level,D,regression,Dummy,Dummy,1.0,0.6758504033405012,0.6348224373353365,0.5042022461702329,-0.03031121281968252,,,,,,
halo_level,D,regression,Linear,Linear,10.0,0.43865841504872644,0.42904087168819866,0.3285663114374992,0.5293899227698975,0.7649689702445812,,,,,
halo_level,D,regression,RandomForest,RF_depthNone_leaf30,10.0,0.4126554031797254,0.41566488464062407,0.30637449546015577,0.5582764399940892,0.7568587830743865,,,,,
halo_level,D,classification,Dummy,Dummy,1.0,0.23507363497283507,,,,,0.21879441585069648,0.6297530427502694,0.5,0.6557522123893805,0.31150442477876106
halo_level,D,classification,Logistic,Logistic,10.0,0.1128417429768166,,,,,0.11736801235663455,0.3664193873853493,0.8929218275297967,0.8223374362212903,0.8228222287876382
halo_level,D,classification,RandomForest,RF_depthNone_leaf30,10.0,0.11632653673846478,,,,,0.11742115113251511,0.3623612961650464,0.8961059827062398,0.8199400988447137,0.8204702182763581
halo_level,E,regression,Dummy,Dummy,1.0,0.6758504033405012,0.6348224373353365,0.5042022461702329,-0.03031121281968252,,,,,,
halo_level,E,regression,Linear,Linear,15.0,0.5326937429370514,0.5354873312878264,0.4262141590176412,0.26690156707539126,0.5834734487986205,,,,,
halo_level,E,regression,RandomForest,RF_depthNone_leaf30,15.0,0.5200706258376496,0.5296829021769875,0.4169568341882398,0.2827083111920561,0.5625662691566138,,,,,
halo_level,E,classification,Dummy,Dummy,1.0,0.23507363497283507,,,,,0.21879441585069648,0.6297530427502694,0.5,0.6557522123893805,0.31150442477876106
halo_level,E,classification,Logistic,Logistic,15.0,0.14971730349694023,,,,,0.15296596567945225,0.4707932249492156,0.8312105632157045,0.667260397749428,0.6690949086731963
halo_level,E,classification,RandomForest,RF_depthNone_leaf30,15.0,0.15483988842582488,,,,,0.15501514154977514,0.48029691294506466,0.8192772844122458,0.6533659651227645,0.6573473982585454
halo_level,F,regression,Dummy,Dummy,1.0,0.6758504033405012,0.6348224373353365,0.5042022461702329,-0.03031121281968252,,,,,,
halo_level,F,regression,Linear,Linear,10.0,0.4390850341893959,0.42881420304728723,0.32884289811634637,0.5298870519494228,0.7649224296046823,,,,,
halo_level,F,regression,RandomForest,RF_depthNone_leaf30,10.0,0.41169253187480176,0.4168880412036755,0.3067622102823231,0.5556729387398476,0.7550423305638742,,,,,
halo_level,F,classification,Dummy,Dummy,1.0,0.23507363497283507,,,,,0.21879441585069648,0.6297530427502694,0.5,0.6557522123893805,0.31150442477876106
halo_level,F,classification,Logistic,Logistic,10.0,0.11277927317538583,,,,,0.11665810570373261,0.3634055166671873,0.8957554335125029,0.8237700731081761,0.8242569983279416
halo_level,F,classification,RandomForest,RF_depthNone_leaf30,10.0,0.11601971764861885,,,,,0.11674994419941431,0.3612448067493271,0.897325601776116,0.824202923192145,0.8246729041301875
unique_descendant,A,regression,Dummy,Dummy,,0.5771517780820754,0.5873832506843176,0.48569805483728706,-0.0017599935130283573,,,,,,
unique_descendant,A,regression,Linear,Linear,,0.5354985413760167,0.5416193324741139,0.45013893611784245,0.1482563940038043,0.3703316717372991,,,,,
unique_descendant,A,regression,RandomForest,RF_depthNone_leaf30,,0.5416330863117249,0.551405053758824,0.4524609905110613,0.1172005554423331,0.3334627169545825,,,,,
unique_descendant,A,classification,Dummy,Dummy,,0.1293903429145393,,,,,0.11973482217293695,0.40356265939214647,0.5,0.5694050991501416,0.1388101983002833
unique_descendant,A,classification,Logistic,Logistic,,0.11739607089749494,,,,,0.10516406962787833,0.34687456423153923,0.7783968850698173,0.3739875543256075,0.38285117611398345
unique_descendant,A,classification,RandomForest,RF_depthNone_leaf30,,0.12203805012605189,,,,,0.1128900282802546,0.3718282327906046,0.6990467239527389,0.31133868744017557,0.3007015979550018
unique_descendant,B,regression,Dummy,Dummy,,0.5771517780820754,0.5873832506843176,0.48569805483728706,-0.0017599935130283573,,,,,,
unique_descendant,B,regression,Linear,Linear,,0.5371957805250988,0.5405565731982169,0.44942542647875044,0.15159567780972916,0.3745583202748181,,,,,
unique_descendant,B,regression,RandomForest,RF_depthNone_leaf30,,0.5426735583017502,0.5489671026648437,0.45479520974191784,0.12498961722551494,0.3502956069704459,,,,,
unique_descendant,B,classification,Dummy,Dummy,,0.1293903429145393,,,,,0.11973482217293695,0.40356265939214647,0.5,0.5694050991501416,0.1388101983002833
unique_descendant,B,classification,Logistic,Logistic,,0.11943385035281139,,,,,0.10442858840126966,0.3450149813197241,0.7804779806659505,0.38281065337629555,0.3916792782220619
unique_descendant,B,classification,RandomForest,RF_depthNone_leaf30,,0.12113889560769797,,,,,0.11035606181546656,0.3604752137491363,0.7228450590762621,0.3277479461408436,0.3312393566708795
unique_descendant,C,regression,Dummy,Dummy,1.0,0.5771517780820754,0.5873832506843176,0.48569805483728706,-0.0017599935130283573,,,,,,
unique_descendant,C,regression,Linear,Linear,8.0,0.4797768628109833,0.5055463733675765,0.41424637422260124,0.2579339456739722,0.479942720768932,,,,,
unique_descendant,C,regression,RandomForest,RF_depthNone_leaf30,8.0,0.4772079805210984,0.5066377939868043,0.4126475140828833,0.2547264043455729,0.4768328068869911,,,,,
unique_descendant,C,classification,Dummy,Dummy,1.0,0.1293903429145393,,,,,0.11973482217293695,0.40356265939214647,0.5,0.5694050991501416,0.1388101983002833
unique_descendant,C,classification,Logistic,Logistic,10.0,0.09729543834178689,,,,,0.08871456841764491,0.29796968926093065,0.8504296455424275,0.5436345571603336,0.5492305153010234
unique_descendant,C,classification,RandomForest,RF_depthNone_leaf30,10.0,0.09994449426980845,,,,,0.09112545310151744,0.30837070083776397,0.8320018796992481,0.5294082270655427,0.5332059540391267
unique_descendant,D,regression,Dummy,Dummy,1.0,0.5771517780820754,0.5873832506843176,0.48569805483728706,-0.0017599935130283573,,,,,,
unique_descendant,D,regression,Linear,Linear,8.0,0.3788125286928837,0.3846114746587845,0.2998070318486957,0.5704981479632726,0.7760318227650298,,,,,
unique_descendant,D,regression,RandomForest,RF_depthNone_leaf30,8.0,0.37166863449608983,0.37387772003312786,0.2842064751388032,0.5941367412343828,0.7768827596130782,,,,,
unique_descendant,D,classification,Dummy,Dummy,1.0,0.1293903429145393,,,,,0.11973482217293695,0.40356265939214647,0.5,0.5694050991501416,0.1388101983002833
unique_descendant,D,classification,Logistic,Logistic,10.0,0.0742636328033342,,,,,0.06825846143618472,0.22046779719584336,0.931122448979592,0.7168277154446101,0.7194673060093868
unique_descendant,D,classification,RandomForest,RF_depthNone_leaf30,10.0,0.07808350161701831,,,,,0.07187413285337346,0.2302842481290636,0.9215225563909775,0.7022396579225759,0.7050844712963387
unique_descendant,E,regression,Dummy,Dummy,1.0,0.5771517780820754,0.5873832506843176,0.48569805483728706,-0.0017599935130283573,,,,,,
unique_descendant,E,regression,Linear,Linear,8.0,0.4800862834940949,0.5050746660289672,0.4136121454444198,0.2593180905041397,0.4802569981274308,,,,,
unique_descendant,E,regression,RandomForest,RF_depthNone_leaf30,8.0,0.47783604781448547,0.5072751194418796,0.4152541334856299,0.25285018985445873,0.4761252614891522,,,,,
unique_descendant,E,classification,Dummy,Dummy,1.0,0.1293903429145393,,,,,0.11973482217293695,0.40356265939214647,0.5,0.5694050991501416,0.1388101983002833
unique_descendant,E,classification,Logistic,Logistic,10.0,0.0982039606813913,,,,,0.08814626708616619,0.2965977926604183,0.8517051557465092,0.5458721521460786,0.5514319551855502
unique_descendant,E,classification,RandomForest,RF_depthNone_leaf30,10.0,0.10021237380662823,,,,,0.09215481271617046,0.30460044792040053,0.842172395273899,0.508496582303236,0.5142793124312283
unique_descendant,F,regression,Dummy,Dummy,1.0,0.5771517780820754,0.5873832506843176,0.48569805483728706,-0.0017599935130283573,,,,,,
unique_descendant,F,regression,Linear,Linear,8.0,0.3789623376621833,0.38450324166283295,0.29991581522769717,0.5707398450235817,0.7756182424911718,,,,,
unique_descendant,F,regression,RandomForest,RF_depthNone_leaf30,8.0,0.3714635470096634,0.3740015095833183,0.28670462166750754,0.5938679370507729,0.7801876035745547,,,,,
unique_descendant,F,classification,Dummy,Dummy,1.0,0.1293903429145393,,,,,0.11973482217293695,0.40356265939214647,0.5,0.5694050991501416,0.1388101983002833
unique_descendant,F,classification,Logistic,Logistic,10.0,0.07465132456071367,,,,,0.06859614201544438,0.22031871624647,0.9313909774436091,0.7130504069629671,0.7156825319637677
unique_descendant,F,classification,RandomForest,RF_depthNone_leaf30,10.0,0.07787137685750718,,,,,0.0720425726577859,0.22869640242598874,0.925013426423201,0.684264952772081,0.6876450509728593
