sample,model,bin,left,right,predicted_mean,cluster_fraction,N,N_hosts,wilson_lo,wilson_hi,host_bootstrap_lo,host_bootstrap_hi
halo_level,A,2,0.25,0.375,0.3487550712345625,0.29651162790697677,344,257,0.250710124051227,0.3468076632917492,0.22377749410840533,0.3812101129111438
halo_level,A,3,0.375,0.5,0.41466205846181076,0.334841628959276,221,170,0.27591209962520585,0.39941468226417937,0.2536665948430654,0.4177777777777778
halo_level,B,2,0.25,0.375,0.34005022700472604,0.2931596091205212,307,228,0.2450465172192398,0.3463850746867205,0.21205504460198846,0.37989683284034337
halo_level,B,3,0.375,0.5,0.4159594164458545,0.32806324110671936,253,194,0.27315788140588765,0.38811175785147095,0.2515385650224215,0.40953312334891284
halo_level,B,4,0.5,0.625,0.5244546114338231,0.6,5,5,0.2307242812760128,0.882379225767352,0.0,1.0
halo_level,C,0,0.0,0.125,0.0891712003990732,0.0625,128,118,0.03200692569506119,0.11848791104425865,0.023429774766526277,0.11456489675516221
halo_level,C,1,0.125,0.25,0.1766095650362596,0.13690476190476192,168,133,0.09298940933738117,0.19705386172621356,0.06882053932971482,0.21577672378620968
halo_level,C,2,0.25,0.375,0.30805863144638945,0.32558139534883723,86,68,0.23585699457311415,0.43022144634051696,0.19718309859154928,0.4497331460674157
halo_level,C,3,0.375,0.5,0.4383693697092307,0.5285714285714286,70,48,0.4132188746832562,0.6409512360361571,0.35340754202635166,0.680608695652174
halo_level,C,4,0.5,0.625,0.5671213385037471,0.725,40,25,0.5716504419378943,0.8389198375233267,0.4852597402597403,0.8592261904761904
halo_level,C,5,0.625,0.75,0.6956853519727826,0.6842105263157895,38,24,0.5254424010939046,0.8091539632440382,0.5,0.8588870431893687
halo_level,C,6,0.75,0.875,0.7941878661905803,0.7142857142857143,21,14,0.5004361928391441,0.8618613704787788,0.42857142857142855,0.9090909090909091
halo_level,C,7,0.875,1.0,0.9340615936959511,0.7142857142857143,14,7,0.4535091567010681,0.8827862135542308,0.0,0.9462499999999998
halo_level,D,0,0.0,0.125,0.0534195975769221,0.044444444444444446,225,202,0.024317740906788954,0.07986556112055393,0.017195248316186813,0.08196391450349128
halo_level,D,1,0.125,0.25,0.18370508437848096,0.16161616161616163,99,82,0.10199948349098721,0.24651228629228994,0.0841588785046729,0.24882425742574252
halo_level,D,2,0.25,0.375,0.31324082759167987,0.36507936507936506,63,51,0.25715392865036535,0.4885129029847216,0.23580213903743316,0.5
halo_level,D,3,0.375,0.5,0.44179452147330067,0.358974358974359,39,37,0.22742085458992867,0.5158185144045146,0.21348784194528875,0.5323437499999999
halo_level,D,4,0.5,0.625,0.5558213282097436,0.6538461538461539,26,23,0.46220571188810816,0.8058776967705947,0.43607336956521736,0.8442307692307691
halo_level,D,5,0.625,0.75,0.6837207083726302,0.6428571428571429,28,21,0.4583030651442781,0.7929417049226233,0.410972850678733,0.8597290640394087
halo_level,D,6,0.75,0.875,0.8143210348088034,0.8275862068965517,29,19,0.6545156010980476,0.9240214274710877,0.6338516746411483,0.9649322660098523
halo_level,D,7,0.875,1.0,0.9621629656994234,0.9642857142857143,56,20,0.8788121981950989,0.9901505748517636,0.8709677419354839,1.0
halo_level,E,0,0.0,0.125,0.08806104975683894,0.07142857142857142,126,115,0.038031143767313015,0.13018522578885708,0.02531156530408774,0.12946692535107168
halo_level,E,1,0.125,0.25,0.17785002328280103,0.12429378531073447,177,144,0.08353251061822878,0.18101666484561965,0.06943757534542981,0.19394301470588235
halo_level,E,2,0.25,0.375,0.306644875781957,0.34782608695652173,69,57,0.24618141928624354,0.4655212245104244,0.20473856209150326,0.49720588235294105
halo_level,E,3,0.375,0.5,0.4308426231609474,0.4935064935064935,77,57,0.38483020307212373,0.6027999063471285,0.3333333333333333,0.6329088184931505
halo_level,E,4,0.5,0.625,0.5617249221841335,0.7,40,25,0.5456998118185507,0.8192515477025347,0.47205882352941175,0.8673270440251573
halo_level,E,5,0.625,0.75,0.689734506323761,0.6842105263157895,38,25,0.5254424010939046,0.8091539632440382,0.5,0.8393870967741935
halo_level,E,6,0.75,0.875,0.7926540167697449,0.782608695652174,23,15,0.5809651698373599,0.9033602197341379,0.5714285714285714,0.9459795321637425
halo_level,E,7,0.875,1.0,0.9289139214592426,0.7333333333333333,15,7,0.4804956594401943,0.8910254667430761,0.0,0.9490079365079364
halo_level,F,0,0.0,0.125,0.052245244579060914,0.04054054054054054,222,200,0.021472703245965674,0.07523876388122402,0.014018691588785047,0.0762887153245354
halo_level,F,1,0.125,0.25,0.1778286290007361,0.1650485436893204,103,86,0.1056782517180507,0.24850503292055828,0.08293195718654435,0.25
halo_level,F,2,0.25,0.375,0.3098400473490975,0.3508771929824561,57,46,0.2400042200916009,0.480581046443498,0.22123352165725046,0.5046052631578946
halo_level,F,3,0.375,0.5,0.4314486988732378,0.4146341463414634,41,36,0.27756549454252133,0.5663289686596986,0.2604130434782609,0.5947972074468084
halo_level,F,4,0.5,0.625,0.5574379729921947,0.6071428571428571,28,27,0.42409044296597176,0.764343134584204,0.42424242424242425,0.8095238095238095
halo_level,F,5,0.625,0.75,0.6797433715420652,0.6551724137931034,29,22,0.47345104090476137,0.80059281473325,0.43478260869565216,0.8769886363636363
halo_level,F,6,0.75,0.875,0.8157117864737464,0.7692307692307693,26,18,0.5794844592105632,0.8896615059421671,0.5454545454545454,0.9444272445820432
halo_level,F,7,0.875,1.0,0.9590787787191739,0.9661016949152542,59,22,0.8845642924988925,0.9906540909083387,0.875,1.0
unique_descendant,A,0,0.0,0.125,0.07203774865610386,0.057692307692307696,208,208,0.03330699049566336,0.09811893045335907,0.026220800698256656,0.09146781354051046
unique_descendant,A,1,0.125,0.25,0.1841023407966444,0.15853658536585366,82,82,0.09505590299299464,0.2525786692831714,0.08433734939759036,0.24853395061728387
unique_descendant,A,2,0.25,0.375,0.30645827966493067,0.34782608695652173,46,46,0.22680993370754338,0.49229941157937235,0.21739130434782608,0.48837398373983737
unique_descendant,A,3,0.375,0.5,0.41482662597891395,0.47058823529411764,17,17,0.26165106442409436,0.6903676493999558,0.22628205128205128,0.7184523809523807
unique_descendant,B,0,0.0,0.125,0.07201267642237817,0.057971014492753624,207,207,0.03346940069098721,0.09857986028652922,0.026485473289597,0.09143810616331205
unique_descendant,B,1,0.125,0.25,0.18108435246439644,0.15853658536585366,82,82,0.09505590299299464,0.2525786692831714,0.0821917808219178,0.24235787511649579
unique_descendant,B,2,0.25,0.375,0.30583751007991633,0.30434782608695654,46,46,0.1907984080276724,0.4480564644840765,0.17612179487179488,0.43478260869565216
unique_descendant,B,3,0.375,0.5,0.42210447987595034,0.5555555555555556,18,18,0.33716415642042774,0.7544048187299437,0.30056561085972855,0.7949999999999998
unique_descendant,C,0,0.0,0.125,0.060617125974998125,0.038135593220338986,236,236,0.02019076685748481,0.07087546884708884,0.017167381974248927,0.0634319352070371
unique_descendant,C,1,0.125,0.25,0.18012919213839695,0.23529411764705882,68,68,0.15034491020295793,0.3485516797194324,0.14077380952380952,0.33552083333333327
unique_descendant,C,2,0.25,0.375,0.3063589942051839,0.25,20,20,0.11186170140766569,0.468700877618744,0.08333333333333333,0.44233333333333325
unique_descendant,C,3,0.375,0.5,0.41108842971656023,0.5,8,8,0.21521606221387757,0.7847839377861224,0.14285714285714285,0.9472222222222196
unique_descendant,C,4,0.5,0.625,0.545390607049444,0.7,10,10,0.39677814746114537,0.8922087325936989,0.42232142857142857,1.0
unique_descendant,C,5,0.625,0.75,0.6804993958940455,0.75,4,4,0.30064184258240184,0.9544127391902995,0.050000000000000114,1.0
unique_descendant,C,6,0.75,0.875,0.8006147169527508,0.6666666666666666,3,3,0.2076596008020477,0.9385080552796037,0.0,1.0
unique_descendant,C,7,0.875,1.0,0.9458939855923225,0.75,4,4,0.30064184258240184,0.9544127391902995,0.0,1.0
unique_descendant,D,0,0.0,0.125,0.03549109575552099,0.0163265306122449,245,245,0.006366914749716127,0.041219443555740684,0.00392156862745098,0.03600777612441799
unique_descendant,D,1,0.125,0.25,0.1777034272985182,0.22916666666666666,48,48,0.13307826266911232,0.3653926409000346,0.10204081632653061,0.3578504043126684
unique_descendant,D,2,0.25,0.375,0.31055671136343327,0.3157894736842105,19,19,0.1536437908779228,0.5398959232467253,0.08505434782608695,0.5436553030303028
unique_descendant,D,3,0.375,0.5,0.4410168914801179,0.25,8,8,0.071479212752109,0.5907245696898311,0.0,0.6
unique_descendant,D,4,0.5,0.625,0.5608224974266924,0.7272727272727273,11,11,0.43435469882387084,0.902539407099751,0.4166666666666667,1.0
unique_descendant,D,5,0.625,0.75,0.6762759910832218,0.7142857142857143,7,7,0.35893445183261935,0.9177810759959433,0.2925,1.0
unique_descendant,D,6,0.75,0.875,0.789486924500887,0.6666666666666666,6,6,0.299993315138392,0.9032285888942195,0.25,1.0
unique_descendant,D,7,0.875,1.0,0.9670002183409933,1.0,9,9,0.7008549515804559,1.0,1.0,1.0
unique_descendant,E,0,0.0,0.125,0.06117890836603519,0.037815126050420166,238,238,0.02002002321866992,0.07029310558563406,0.016877637130801686,0.0635593220338983
unique_descendant,E,1,0.125,0.25,0.17715903193570892,0.22950819672131148,61,61,0.1419323035287129,0.34913405123584,0.1339423076923077,0.3333333333333333
unique_descendant,E,2,0.25,0.375,0.295737824046743,0.28,25,25,0.14283853850956563,0.47576605190361576,0.11876470588235294,0.47058823529411764
unique_descendant,E,3,0.375,0.5,0.41313615456950487,0.5,8,8,0.21521606221387757,0.7847839377861224,0.14285714285714285,0.9472222222222196
unique_descendant,E,4,0.5,0.625,0.5581565110483147,0.6666666666666666,9,9,0.3542021355803963,0.879416181613089,0.3333333333333333,1.0
unique_descendant,E,5,0.625,0.75,0.6643438284039334,0.8,5,5,0.37553462976252533,0.9637758913675698,0.45535714285714285,1.0
unique_descendant,E,6,0.75,0.875,0.78134928141173,0.5,2,2,0.09453120573423074,0.9054687942657693,0.0,1.0
unique_descendant,E,7,0.875,1.0,0.9330193785052691,0.8,5,5,0.37553462976252533,0.9637758913675698,0.25,1.0
unique_descendant,F,0,0.0,0.125,0.03511695843749067,0.016194331983805668,247,247,0.006315216579985447,0.04089172790345661,0.0038831327481675866,0.03550659798948056
unique_descendant,F,1,0.125,0.25,0.1838195361737776,0.2608695652173913,46,46,0.156008864456426,0.4025915352801559,0.12626329787234042,0.3931064073226544
unique_descendant,F,2,0.25,0.375,0.30853120992850913,0.29411764705882354,17,17,0.1327998961029523,0.5313311006653985,0.07142857142857142,0.5154411764705875
unique_descendant,F,3,0.375,0.5,0.42159144161278983,0.3,10,10,0.10779126740630099,0.6032218525388546,0.0,0.625
unique_descendant,F,4,0.5,0.625,0.5643058134888419,0.7272727272727273,11,11,0.43435469882387084,0.902539407099751,0.4407986111111111,1.0
unique_descendant,F,5,0.625,0.75,0.6857923766814488,0.42857142857142855,7,7,0.15821985525146975,0.7495416354723428,0.0,0.8
unique_descendant,F,6,0.75,0.875,0.7916674436547925,0.8333333333333334,6,6,0.43649717781352987,0.9699466302516935,0.5,1.0
unique_descendant,F,7,0.875,1.0,0.9709083282796297,1.0,9,9,0.7008549515804559,1.0,1.0,1.0
