sample,model,label,N_test,N_test_hosts,RMSE,MAE,R2,Spearman,Brier,LogLoss,ROC_AUC,PR_AUC,AP,W68,Coverage,QuantileCrossingFraction,regression_family,classification_family,regression_radius,classification_radius,RMSE_lo,RMSE_hi,MAE_lo,MAE_hi,R2_lo,R2_hi,Spearman_lo,Spearman_hi,Brier_lo,Brier_hi,LogLoss_lo,LogLoss_hi,ROC_AUC_lo,ROC_AUC_hi,PR_AUC_lo,PR_AUC_hi,AP_lo,AP_hi,W68_lo,W68_hi,Coverage_lo,Coverage_hi,Delta_RMSE,Delta_RMSE_lo,Delta_RMSE_hi,RMSE_improvement_pct,RMSE_improvement_pct_lo,RMSE_improvement_pct_hi,Delta_Brier,Delta_Brier_lo,Delta_Brier_hi,Brier_improvement_pct,Brier_improvement_pct_lo,Brier_improvement_pct_hi
halo_level,A,Baseline,565,353,0.6293868083335507,0.502991654658606,-0.012742794686177783,0.1104197806195234,0.21718654116984148,0.6261606726873373,0.5465500116849731,0.3634183860658255,0.36679313586858586,1.3952753401793978,0.7150442477876107,0.0,Linear,Logistic,,,0.5844178052724506,0.669714949654271,0.4588557693202533,0.5429984040341301,-0.08423932946932614,0.019537133185827563,0.03302670221657084,0.18617934930361701,0.19876516648182987,0.23543177800288626,0.5883374556192985,0.6637344277872081,0.5051492909871694,0.5872660415509817,0.26881448463579544,0.44996048366464836,0.27380174924979594,0.4552422613258121,1.387587148164078,1.4037985580159096,0.6603443750504752,0.7712284007441076,0.0,0.0,0.0,0.0,0.0,0.0,0.0,0.0,0.0,0.0,0.0,0.0
halo_level,B,Galaxy,565,353,0.6290831297114281,0.5021346099396732,-0.01176573531196512,0.1133943562568081,0.21597818361845586,0.6235654132229078,0.5574462491236271,0.3870999450206721,0.3899544420867682,1.379190110271808,0.6920353982300885,0.0,Linear,Logistic,,,0.5845031157387697,0.6678735590212753,0.4583106489671713,0.5414989352264048,-0.08581602930394971,0.025031228286816906,0.03684697969534923,0.18147780790021156,0.19737495479082232,0.23376340734903908,0.5851146797770528,0.6603258450081735,0.5132963870209771,0.5986843140262488,0.2882562146896864,0.479811424398135,0.2951568855321997,0.4845792067412137,1.3706797818076204,1.3875962243690834,0.6351726345634975,0.7552540887850467,0.0003036786221225496,-0.0027881386212343733,0.003483320829446814,0.04824991850823979,-0.46251921382581795,0.538634146757487,0.0012083575513856248,-0.0008684985464484352,0.0031782708470047055,0.5563685230571817,-0.4325821306882763,1.4254977508161555
halo_level,C,Galaxy environment,565,353,0.530689439017999,0.4183369344688533,0.27997963528424175,0.5664481069201067,0.1537129995269559,0.4737936265887834,0.8295162421126432,0.6620757144345937,0.6640381920103817,0.9964782213522348,0.6707964601769911,0.0,RF_depthNone_leaf30,Logistic,15.0,15.0,0.4849272302317662,0.5707298957581569,0.383029484288032,0.44964504016642454,0.15165542266469795,0.37706580262274136,0.4666714890103897,0.6409672987092458,0.12967156119778017,0.17645332500353172,0.41500736247105174,0.5301595079757049,0.7693625223440261,0.8837737758070897,0.5022599626564319,0.7872604193364661,0.5100507584709416,0.7890903311313182,0.9783985973067819,1.0140477320848975,0.6166942508710802,0.7231807156807156,0.09869736931555162,0.062192609043929224,0.13527744047054263,15.681512228843193,10.073079732735003,21.093114961909578,0.06347354164288557,0.03957023031601412,0.08716218353985879,29.22535682966137,18.786896551116488,39.39751352764296
halo_level,D,Halo environment,565,353,0.4156648846406241,0.3063744954601558,0.5582764399940889,0.7568587830743865,0.11736801235663455,0.3664193873853493,0.8929218275297967,0.8223374362212906,0.8228222287876386,0.70966682327059,0.6938053097345133,0.0,RF_depthNone_leaf30,Logistic,10.0,10.0,0.38120291112837784,0.44643204031620876,0.2803323104475261,0.3313945766171078,0.4793535400366593,0.6221158644084849,0.7039279496360307,0.799582021541642,0.09617709049257164,0.13869321527471798,0.3089044550636726,0.42139926403352523,0.8510140426786404,0.9257711719933874,0.7258977338875827,0.8856567438682608,0.7279750669940174,0.8861642732734241,0.6956977750621273,0.7229676620025371,0.6477889701181196,0.7402136876267295,0.21372192369292653,0.17392417307037275,0.2497655262726888,33.957166064348485,28.833582723079914,38.87084683477634,0.09981852881320694,0.07746638585140614,0.12219053574812154,45.95981329024808,36.195967946931205,55.04026471535069
halo_level,E,Galaxy + environment,565,353,0.5296829021769878,0.41695683418824,0.28270831119205553,0.5625662691566138,0.15296596567945225,0.47079322494921577,0.8312105632157045,0.667260397749428,0.6690949086731964,0.9951071022967057,0.6619469026548672,0.0,RF_depthNone_leaf30,Logistic,15.0,15.0,0.48483444086448013,0.570379778183146,0.3810219995167696,0.4488588601378678,0.15501875630962067,0.37678669499638984,0.4602940842139968,0.6391925160317852,0.12923331836138363,0.17522447252784107,0.41335707702552243,0.5259559143907979,0.7719677902826875,0.8849738510348139,0.5030700142151755,0.7874581642410949,0.508995144467101,0.789369645661923,0.9765724873692266,1.0121587463933064,0.6067643666879324,0.7143340622722065,0.09970390615656288,0.06421106941445111,0.13551451735651404,15.841435638054186,10.513919989374278,20.917179688257963,0.06422057549038923,0.04004556570040713,0.08774253202677305,29.569316378664674,19.005902365866504,39.67297549376843
halo_level,F,Full simulation,565,353,0.41688804120367556,0.30676221028232314,0.5556729387398476,0.7550423305638742,0.1166581057037327,0.36340551666718734,0.8957554335125029,0.8237700731081763,0.8242569983279417,0.7086519586802741,0.6902654867256637,0.0,RF_depthNone_leaf30,Logistic,10.0,10.0,0.38166437889530935,0.4486477752977127,0.2802921175044563,0.3321297783137689,0.47583958436615076,0.6202621455593226,0.6997879555736896,0.7971459006808724,0.09502048814432891,0.13725385132656046,0.30678811058416183,0.4171610975927782,0.8555978298427517,0.9276356470555729,0.7309826391652948,0.8870806611367378,0.7325331604398152,0.887592899575336,0.6952919586192882,0.7218187435650016,0.6467409490725986,0.7379098360655738,0.2124987671298751,0.1743792127725405,0.24815335800708016,33.76282507294925,28.672897552084518,38.64579641300356,0.10052843546610879,0.07783897634103504,0.12387313323348033,46.286678228138825,36.64402420579336,55.55560223152339
unique_descendant,A,Baseline,353,353,0.5416193324741139,0.45013893611784256,0.1482563940038043,0.3703316717372991,0.10516406962787833,0.34687456423153923,0.7783968850698173,0.3739875543256075,0.3828511761139834,1.106171134697981,0.6855524079320113,0.0,Linear,Logistic,,,0.5073367042452034,0.5740023405389593,0.418065591352922,0.48281592184650124,0.07601787927416584,0.20425003439313777,0.2708316162743421,0.45901302407104155,0.08514842886241357,0.12724443341994732,0.29348239966277595,0.40262777206865824,0.7104462568465667,0.8395847780275325,0.24845484128255124,0.5142066302800364,0.2678921992781755,0.5213773538074329,1.098150422143831,1.1152974684011654,0.6373937677053825,0.7380311614730878,0.0,0.0,0.0,0.0,0.0,0.0,0.0,0.0,0.0,0.0,0.0,0.0
unique_descendant,B,Galaxy,353,353,0.5405565731982169,0.44942542647875056,0.15159567780972916,0.3745583202748181,0.10442858840126966,0.34501498131972413,0.7804779806659505,0.3828106533762955,0.39167927822206194,1.1063793271868703,0.6827195467422096,0.0,Linear,Logistic,,,0.506170373547953,0.573313546546915,0.41644027610226547,0.4820137720146745,0.07772595980852018,0.2087972909188513,0.27448236986218094,0.4630596102515128,0.08447841222129933,0.12639521886940994,0.29082906199036584,0.4003499877351347,0.7121506575185821,0.8429729457572502,0.2583311988270315,0.522550710269752,0.27139911410880174,0.5353848489534235,1.0973141696607656,1.1174275779757747,0.6345609065155807,0.7308781869688386,0.0010627592758969406,-0.0012647292413206224,0.003252587939907801,0.1962188592940844,-0.2324062807844513,0.5872280819587462,0.0007354812266086724,-1.5081927275646643e-05,0.0015081076153252678,0.6993655049782336,-0.013920639513773344,1.5038292687997183
unique_descendant,C,Galaxy environment,353,353,0.5066377939868043,0.4126475140828833,0.2547264043455729,0.4768328068869911,0.08871456841764491,0.2979696892609306,0.8504296455424275,0.5436345571603337,0.5492305153010235,0.8882970712383252,0.6062322946175638,0.0,RF_depthNone_leaf30,Logistic,8.0,10.0,0.474060846123688,0.5417013972249674,0.3835923979077023,0.44409214027589716,0.15844233148068146,0.3347731531000971,0.39127041964770587,0.5568566991181328,0.0688395241968862,0.10920215641338647,0.2435700157206391,0.3538819781570036,0.7941858766482597,0.9027522985889798,0.38776992047201575,0.6739205240161013,0.4083094647798881,0.6781436805044485,0.8768849693092668,0.8982563829094887,0.556586402266289,0.6572237960339944,0.03498153848730956,0.007859662210410574,0.06253296723738239,6.458694583059675,1.4291798257167545,11.090860439930042,0.01644950121023342,0.004564506645277259,0.028255213863882835,15.641750332066609,4.364712316528071,25.346609333989083
unique_descendant,D,Halo environment,353,353,0.37387772003312786,0.2842064751388033,0.5941367412343828,0.7768827596130782,0.06825846143618472,0.22046779719584336,0.931122448979592,0.7168277154446102,0.7194673060093868,0.6338823519082873,0.6402266288951841,0.0,RF_depthNone_leaf30,Logistic,8.0,10.0,0.3395479092776882,0.4076438430622217,0.2593919005981798,0.3080638256014019,0.5163325424405691,0.6689591193647109,0.724830178239115,0.8241870918666716,0.051589728486159774,0.0848409831807912,0.17639123925544395,0.26467843473170855,0.898323815535929,0.9570607068009052,0.5993515550253471,0.8190475438425889,0.6073607459406846,0.8220069325487812,0.6220929531209877,0.6448776553743175,0.5949008498583569,0.6883852691218131,0.167741612440986,0.13323285804409218,0.2069740176875843,30.970388681427476,24.889960841649287,37.548611180964286,0.03690560819169361,0.021832771285451802,0.054234467587142184,35.093362516573976,23.475060210899294,47.558325240549806
unique_descendant,E,Galaxy + environment,353,353,0.5072751194418796,0.4152541334856299,0.2528501898544585,0.4761252614891522,0.08814626708616617,0.29659779266041825,0.8517051557465092,0.5458721521460786,0.5514319551855503,0.8816352141940922,0.5864022662889519,0.0,RF_depthNone_leaf30,Logistic,8.0,10.0,0.47317277335493646,0.5423125506004002,0.38691603056898405,0.44582174176207395,0.15679608660985406,0.3294324541584384,0.38364960619454885,0.5547778796824292,0.06896447389312145,0.10833826399033028,0.24259932241057144,0.3524172274658697,0.7943816471051078,0.9021578054725844,0.3903872221808657,0.6780060323471092,0.41117428542203227,0.6822868961561575,0.8712278562745919,0.8910772246177734,0.5354107648725213,0.6360481586402266,0.03434421303223423,0.007489805285067485,0.059403054327228116,6.341024216279369,1.3776710115759236,10.783748931989647,0.01701780254171216,0.004944014163433077,0.029535276312089447,16.182145291570997,5.06948498210871,26.305951826921962
unique_descendant,F,Full simulation,353,353,0.3740015095833182,0.2867046216675075,0.5938679370507731,0.7801876035745547,0.0685961420154444,0.22031871624647004,0.9313909774436091,0.7130504069629673,0.715682531963768,0.6372790781686467,0.6430594900849859,0.0,RF_depthNone_leaf30,Logistic,8.0,10.0,0.3406854975467099,0.4067195604401598,0.2623600634730962,0.3101119683478029,0.5185980735430077,0.665261002955482,0.7289503455354598,0.8240760404363083,0.05187014545161042,0.08501004298635347,0.17521424437721111,0.26329209188826325,0.8995699004366455,0.957742181052884,0.5974632310850134,0.8181294939416034,0.6053719286546038,0.8206112961209246,0.6254300793587892,0.6478916047136778,0.6005665722379604,0.6912181303116147,0.1676178228907957,0.1328092217722379,0.20647181204058548,30.94753322875653,24.831621373322353,37.414348259359436,0.03656792761243394,0.021723859697729452,0.053782992233381094,34.77226370359104,23.352345772070823,47.60595745393678
