sample,model,depth,leaf,fold,alpha,pinball_loss
halo_level,A,2,20,0,0.16,0.17161200976274427
halo_level,A,2,20,0,0.5,0.2767013692204375
halo_level,A,2,20,0,0.84,0.1602244558887453
halo_level,A,2,20,1,0.16,0.1724661271845517
halo_level,A,2,20,1,0.5,0.27771144354222715
halo_level,A,2,20,1,0.84,0.1620280540309641
halo_level,A,2,20,2,0.16,0.1639011596623211
halo_level,A,2,20,2,0.5,0.2748867923463908
halo_level,A,2,20,2,0.84,0.15625516103807993
halo_level,A,2,50,0,0.16,0.17144486424530955
halo_level,A,2,50,0,0.5,0.2756830769750851
halo_level,A,2,50,0,0.84,0.1598051365129405
halo_level,A,2,50,1,0.16,0.17261455855403468
halo_level,A,2,50,1,0.5,0.2787533337827531
halo_level,A,2,50,1,0.84,0.1620263861510742
halo_level,A,2,50,2,0.16,0.16445856302740114
halo_level,A,2,50,2,0.5,0.2740438641696199
halo_level,A,2,50,2,0.84,0.15593076727914665
halo_level,B,2,20,0,0.16,0.17152216944055926
halo_level,B,2,20,0,0.5,0.27724151756115833
halo_level,B,2,20,0,0.84,0.16043210546235612
halo_level,B,2,20,1,0.16,0.17150466796859032
halo_level,B,2,20,1,0.5,0.2798171922375189
halo_level,B,2,20,1,0.84,0.16226433446761557
halo_level,B,2,20,2,0.16,0.16374774187287927
halo_level,B,2,20,2,0.5,0.27645137394436886
halo_level,B,2,20,2,0.84,0.15722589926924604
halo_level,B,2,50,0,0.16,0.17128318708418347
halo_level,B,2,50,0,0.5,0.27561331001945283
halo_level,B,2,50,0,0.84,0.16049814687123712
halo_level,B,2,50,1,0.16,0.17156988253302616
halo_level,B,2,50,1,0.5,0.2805123951825301
halo_level,B,2,50,1,0.84,0.1618920108415962
halo_level,B,2,50,2,0.16,0.16448159277678776
halo_level,B,2,50,2,0.5,0.27566097748885443
halo_level,B,2,50,2,0.84,0.15693306996670994
halo_level,C,2,20,0,0.16,0.14142163697649668
halo_level,C,2,20,0,0.5,0.20005862569122224
halo_level,C,2,20,0,0.84,0.11543408034283638
halo_level,C,2,20,1,0.16,0.13921584075441398
halo_level,C,2,20,1,0.5,0.2059236712999176
halo_level,C,2,20,1,0.84,0.11716896607328993
halo_level,C,2,20,2,0.16,0.1281011188908663
halo_level,C,2,20,2,0.5,0.1873950167429783
halo_level,C,2,20,2,0.84,0.11208957135956903
halo_level,C,2,50,0,0.16,0.1414810350457067
halo_level,C,2,50,0,0.5,0.20039267289433155
halo_level,C,2,50,0,0.84,0.11573256678045517
halo_level,C,2,50,1,0.16,0.13841785577835417
halo_level,C,2,50,1,0.5,0.20597438611193664
halo_level,C,2,50,1,0.84,0.11749515562891245
halo_level,C,2,50,2,0.16,0.12738211791156687
halo_level,C,2,50,2,0.5,0.18600402226177945
halo_level,C,2,50,2,0.84,0.11222033994167245
halo_level,D,2,20,0,0.16,0.10480426423373841
halo_level,D,2,20,0,0.5,0.1516671839517788
halo_level,D,2,20,0,0.84,0.10199874381966345
halo_level,D,2,20,1,0.16,0.10359341960172844
halo_level,D,2,20,1,0.5,0.15069886694084703
halo_level,D,2,20,1,0.84,0.0976285911833616
halo_level,D,2,20,2,0.16,0.09360911098442438
halo_level,D,2,20,2,0.5,0.1404374631358367
halo_level,D,2,20,2,0.84,0.0955491754779345
halo_level,D,2,50,0,0.16,0.1052460706914028
halo_level,D,2,50,0,0.5,0.15092506575459047
halo_level,D,2,50,0,0.84,0.10144625934821629
halo_level,D,2,50,1,0.16,0.10480150135600999
halo_level,D,2,50,1,0.5,0.15186326337254308
halo_level,D,2,50,1,0.84,0.0977347701607217
halo_level,D,2,50,2,0.16,0.09410948785356302
halo_level,D,2,50,2,0.5,0.1396958938832746
halo_level,D,2,50,2,0.84,0.09549835397438276
halo_level,E,2,20,0,0.16,0.14170032079114608
halo_level,E,2,20,0,0.5,0.20092179940914484
halo_level,E,2,20,0,0.84,0.11619367742906002
halo_level,E,2,20,1,0.16,0.14012603273476795
halo_level,E,2,20,1,0.5,0.20627208390714422
halo_level,E,2,20,1,0.84,0.11702073776366914
halo_level,E,2,20,2,0.16,0.1288745058449522
halo_level,E,2,20,2,0.5,0.18680243970923538
halo_level,E,2,20,2,0.84,0.11273437863132525
halo_level,E,2,50,0,0.16,0.14216229544330805
halo_level,E,2,50,0,0.5,0.2004693385918621
halo_level,E,2,50,0,0.84,0.11590452657578926
halo_level,E,2,50,1,0.16,0.1412444241008699
halo_level,E,2,50,1,0.5,0.2061884120761416
halo_level,E,2,50,1,0.84,0.1174039357072533
halo_level,E,2,50,2,0.16,0.12785413154258843
halo_level,E,2,50,2,0.5,0.186123305121086
halo_level,E,2,50,2,0.84,0.11194303370981296
halo_level,F,2,20,0,0.16,0.10499897651931164
halo_level,F,2,20,0,0.5,0.1516790534295552
halo_level,F,2,20,0,0.84,0.10178138896397623
halo_level,F,2,20,1,0.16,0.10361032350232963
halo_level,F,2,20,1,0.5,0.15066563537401742
halo_level,F,2,20,1,0.84,0.09766701146146793
halo_level,F,2,20,2,0.16,0.09413422988651257
halo_level,F,2,20,2,0.5,0.1404374631358367
halo_level,F,2,20,2,0.84,0.09569340718385959
halo_level,F,2,50,0,0.16,0.10532923328502936
halo_level,F,2,50,0,0.5,0.15112882205699457
halo_level,F,2,50,0,0.84,0.10137984515141212
halo_level,F,2,50,1,0.16,0.10400139669491909
halo_level,F,2,50,1,0.5,0.1518147335107626
halo_level,F,2,50,1,0.84,0.09773510378522887
halo_level,F,2,50,2,0.16,0.09475511741694237
halo_level,F,2,50,2,0.5,0.1397154921937386
halo_level,F,2,50,2,0.84,0.09564517960944716
unique_descendant,A,2,20,0,0.16,0.133649500213014
unique_descendant,A,2,20,0,0.5,0.21855623766827825
unique_descendant,A,2,20,0,0.84,0.12964730222848905
unique_descendant,A,2,20,1,0.16,0.1316168068300566
unique_descendant,A,2,20,1,0.5,0.21979230906369976
unique_descendant,A,2,20,1,0.84,0.12789698986455636
unique_descendant,A,2,20,2,0.16,0.13567525933857721
unique_descendant,A,2,20,2,0.5,0.22441159326632135
unique_descendant,A,2,20,2,0.84,0.12863201601665705
unique_descendant,A,2,50,0,0.16,0.1334361351869546
unique_descendant,A,2,50,0,0.5,0.21742822021163674
unique_descendant,A,2,50,0,0.84,0.12997900526531544
unique_descendant,A,2,50,1,0.16,0.1322748229652723
unique_descendant,A,2,50,1,0.5,0.21959333977476794
unique_descendant,A,2,50,1,0.84,0.1282290459018463
unique_descendant,A,2,50,2,0.16,0.13516001415934986
unique_descendant,A,2,50,2,0.5,0.22401535631881528
unique_descendant,A,2,50,2,0.84,0.1288161393852572
unique_descendant,B,2,20,0,0.16,0.13524148474321424
unique_descendant,B,2,20,0,0.5,0.2186527147808837
unique_descendant,B,2,20,0,0.84,0.1284259821287431
unique_descendant,B,2,20,1,0.16,0.1303492361730164
unique_descendant,B,2,20,1,0.5,0.22186857782047192
unique_descendant,B,2,20,1,0.84,0.1289296574319311
unique_descendant,B,2,20,2,0.16,0.1374520752587802
unique_descendant,B,2,20,2,0.5,0.22282734350601313
unique_descendant,B,2,20,2,0.84,0.1276768347654841
unique_descendant,B,2,50,0,0.16,0.13453320318931755
unique_descendant,B,2,50,0,0.5,0.21613033493377157
unique_descendant,B,2,50,0,0.84,0.12834146333533147
unique_descendant,B,2,50,1,0.16,0.13097090422023955
unique_descendant,B,2,50,1,0.5,0.2218752483768047
unique_descendant,B,2,50,1,0.84,0.12942284208038735
unique_descendant,B,2,50,2,0.16,0.13538698991651377
unique_descendant,B,2,50,2,0.5,0.22218268963677212
unique_descendant,B,2,50,2,0.84,0.12911359103008832
unique_descendant,C,2,20,0,0.16,0.11716547681610104
unique_descendant,C,2,20,0,0.5,0.18499276247377558
unique_descendant,C,2,20,0,0.84,0.11649918761818978
unique_descendant,C,2,20,1,0.16,0.1124131956153902
unique_descendant,C,2,20,1,0.5,0.1853296600641044
unique_descendant,C,2,20,1,0.84,0.11833740014755352
unique_descendant,C,2,20,2,0.16,0.11739574832371619
unique_descendant,C,2,20,2,0.5,0.1871029704344932
unique_descendant,C,2,20,2,0.84,0.11318649325673348
unique_descendant,C,2,50,0,0.16,0.11595561595360936
unique_descendant,C,2,50,0,0.5,0.18484612119735208
unique_descendant,C,2,50,0,0.84,0.11617005424353236
unique_descendant,C,2,50,1,0.16,0.11270361037845877
unique_descendant,C,2,50,1,0.5,0.1849743621863032
unique_descendant,C,2,50,1,0.84,0.11854436319800646
unique_descendant,C,2,50,2,0.16,0.11661693914951118
unique_descendant,C,2,50,2,0.5,0.18637134818094017
unique_descendant,C,2,50,2,0.84,0.11282003633573243
unique_descendant,D,2,20,0,0.16,0.10017177831826711
unique_descendant,D,2,20,0,0.5,0.14077423056450153
unique_descendant,D,2,20,0,0.84,0.08659777592699185
unique_descendant,D,2,20,1,0.16,0.09293464045700582
unique_descendant,D,2,20,1,0.5,0.13552042500622696
unique_descendant,D,2,20,1,0.84,0.08060274366691678
unique_descendant,D,2,20,2,0.16,0.09180334501189082
unique_descendant,D,2,20,2,0.5,0.1322517155730394
unique_descendant,D,2,20,2,0.84,0.08041378468329242
unique_descendant,D,2,50,0,0.16,0.09992123585007355
unique_descendant,D,2,50,0,0.5,0.14075328458274405
unique_descendant,D,2,50,0,0.84,0.08670229425205099
unique_descendant,D,2,50,1,0.16,0.09289085054786943
unique_descendant,D,2,50,1,0.5,0.13560285127420907
unique_descendant,D,2,50,1,0.84,0.08155456502265031
unique_descendant,D,2,50,2,0.16,0.09149340021644586
unique_descendant,D,2,50,2,0.5,0.1328613507089728
unique_descendant,D,2,50,2,0.84,0.08113166952110447
unique_descendant,E,2,20,0,0.16,0.11712590155559008
unique_descendant,E,2,20,0,0.5,0.18459899288283244
unique_descendant,E,2,20,0,0.84,0.11546427796980782
unique_descendant,E,2,20,1,0.16,0.11247722025730315
unique_descendant,E,2,20,1,0.5,0.18571574010655917
unique_descendant,E,2,20,1,0.84,0.11852425076930215
unique_descendant,E,2,20,2,0.16,0.11839640527446295
unique_descendant,E,2,20,2,0.5,0.18719384039144746
unique_descendant,E,2,20,2,0.84,0.11298003220028457
unique_descendant,E,2,50,0,0.16,0.11582155956565718
unique_descendant,E,2,50,0,0.5,0.18373230448453234
unique_descendant,E,2,50,0,0.84,0.1147639950719583
unique_descendant,E,2,50,1,0.16,0.11292070231574503
unique_descendant,E,2,50,1,0.5,0.18507537651282616
unique_descendant,E,2,50,1,0.84,0.11778543665683859
unique_descendant,E,2,50,2,0.16,0.1179111779931165
unique_descendant,E,2,50,2,0.5,0.18749082524981012
unique_descendant,E,2,50,2,0.84,0.11277630924956988
unique_descendant,F,2,20,0,0.16,0.09970435906039991
unique_descendant,F,2,20,0,0.5,0.14139668793151022
unique_descendant,F,2,20,0,0.84,0.08630989822710161
unique_descendant,F,2,20,1,0.16,0.09337238370858683
unique_descendant,F,2,20,1,0.5,0.1355208438263043
unique_descendant,F,2,20,1,0.84,0.08122844851966053
unique_descendant,F,2,20,2,0.16,0.09312896076557078
unique_descendant,F,2,20,2,0.5,0.13293119925160987
unique_descendant,F,2,20,2,0.84,0.08028004898523826
unique_descendant,F,2,50,0,0.16,0.09989736825450557
unique_descendant,F,2,50,0,0.5,0.14070778201704875
unique_descendant,F,2,50,0,0.84,0.08682074677403605
unique_descendant,F,2,50,1,0.16,0.09323493663768888
unique_descendant,F,2,50,1,0.5,0.1358553798021331
unique_descendant,F,2,50,1,0.84,0.08192332976535756
unique_descendant,F,2,50,2,0.16,0.09312013255231595
unique_descendant,F,2,50,2,0.5,0.13291973777614294
unique_descendant,F,2,50,2,0.84,0.08101668828134237
