GroupID_z8,SubhaloID_z8,M200c_z8,logM200c_z8,GroupID_z0,SubhaloID_z0,M200c_z0,logM200c_z0,MstarCentral_z8,logMstarCentral_z8,SFRCentral_z8,logSFRCentral_z8,Ngal_R1,MstarTot_R1,Nhalo_R1,MhaloTot_R1,deltaGal_R1,Ngal_R2,MstarTot_R2,Nhalo_R2,MhaloTot_R2,deltaGal_R2,Ngal_R3,MstarTot_R3,Nhalo_R3,MhaloTot_R3,deltaGal_R3,Ngal_R5,MstarTot_R5,Nhalo_R5,MhaloTot_R5,deltaGal_R5,Ngal_R8,MstarTot_R8,Nhalo_R8,MhaloTot_R8,deltaGal_R8,Ngal_R10,MstarTot_R10,Nhalo_R10,MhaloTot_R10,deltaGal_R10,Ngal_R15,MstarTot_R15,Nhalo_R15,MhaloTot_R15,deltaGal_R15,Ngal_R20,MstarTot_R20,Nhalo_R20,MhaloTot_R20,deltaGal_R20,M0_bin,R_Lag_analytic_cMpc,TargetX_cMpc,TargetY_cMpc,TargetZ_cMpc
5891,22473,69404090000.0,10.841384887695312,8961,1385849,3539427393536.0,12.548933007804836,264995781.18289083,8.42323895988558,1.861284255981445,0.2700459716947584,0,0.0,4,28156607260.84342,-1.0,0,0.0,7,39547220519.203545,-1.0,0,0.0,14,83138459343.66666,-1.0,0,0.0,25,148252534160.65063,-1.0,0,0.0,58,398340615368.81866,-1.0,2,587361362.9258063,124,1037825047221.9006,0.5903469143942206,7,2469623610.949249,434,3706169052306.341,0.649248651964377,15,3757781110.173804,823,6592271240730.007,0.4909502322445818,12.5-13.5,2.7797469768287053,164.65433089754947,18.876693630978743,301.87253192353114
5392,21027,69971270000.0,10.84492015838623,9529,1405515,4209190109184.0,12.624198541216078,139161548.98282945,8.143519254158273,1.3739408254623413,0.1382840074548738,0,0.0,3,17405642074.999428,-1.0,0,0.0,9,42391967238.45633,-1.0,0,0.0,11,50997544450.67822,-1.0,0,0.0,30,174744434023.38208,-1.0,0,0.0,84,589896836858.3911,-1.0,1,148703975.77181587,117,867047916920.7264,-0.2048265428028897,2,283983391.7055012,293,2016656788834.2944,-0.5287860994387494,9,1658978141.95646,736,5325493782512.346,-0.1054298606532508,12.5-13.5,2.945057494845712,240.20270519633894,56.22843893010039,209.44198405668735
4974,19746,73322380000.0,10.865236282348633,9728,1412398,4716854509568.0,12.67365248072604,169190652.6794749,8.228376365784207,1.5661108493804932,0.1950997173183648,0,0.0,5,36813873508.38692,-1.0,0,0.0,11,81796275414.93343,-1.0,0,0.0,14,93155851626.69888,-1.0,0,0.0,22,151655925721.0269,-1.0,0,0.0,38,278846887860.07434,-1.0,0,0.0,82,709358976941.0709,-1.0,3,404078455.0902764,248,2043079698564.452,-0.2931791491581241,6,851044534.7174028,762,5848175954653.302,-0.4036199071021673,12.5-13.5,3.058992584729457,228.40082484499558,23.28388818921612,73.9634367157514
1230,6869,67924260000.0,10.832025527954102,3712,1100000,7991060856832.0,12.902604438098102,60627745.38140329,7.7826714180350365,1.2876814603805542,0.1101455805844318,0,0.0,7,56980772464.719536,-1.0,0,0.0,14,96976947108.65814,-1.0,0,0.0,14,96976947108.65814,-1.0,0,0.0,37,236823867125.4647,-1.0,0,0.0,99,634732400953.9282,-1.0,1,227196939.48974785,173,1198262665866.2217,-0.2048265428028897,9,1719004961.5517316,613,4856030783990.796,1.120462552525627,21,4403525674.70739,1246,10170776103762.076,1.0873303251424145,12.5-13.5,3.646663946652317,268.7307859093593,287.2447732137585,119.97979406554474
4479,18191,76851495000.0,10.885652542114258,5773,1242874,8306387058688.0,12.9194121643775,144255693.73684222,8.15913296366272,1.64013671875,0.2151447624823388,0,0.0,2,7618845811.381536,-1.0,0,0.0,5,19680369664.05508,-1.0,0,0.0,9,39809670355.385445,-1.0,0,0.0,36,236713846445.36523,-1.0,0,0.0,114,844824038047.7931,-1.0,0,0.0,159,1117881256806.5225,-1.0,2,708587486.9183239,391,2923962161723.6523,-0.5287860994387494,10,2403525060.3633537,868,6753111212944.114,-0.0060331785036121,12.5-13.5,3.6940121433695636,121.92799444567464,182.84488485385296,133.40879419471509
1464,7812,127398500000.0,11.105164527893066,5435,1223121,8389620400128.0,12.923742311024254,293500878.7373226,8.467609405856884,2.7786943912506104,0.4439970507780471,1,153490401.86824015,4,101303100445.15298,794.1734571971102,1,153490401.86824015,11,159932082122.42883,98.39668214963878,2,440041309.9523487,21,285012192929.5689,57.90173757015632,3,793626078.2584772,45,493948858045.4266,18.084162972730645,4,1037610540.23304,82,814594536720.5626,5.212292634352424,4,1037610540.23304,136,1164648248306.7273,2.180693828788441,4,1037610540.23304,312,2356867192811.87,-0.0575721988774988,12,2787291128.1278787,649,5220460625112.955,0.1927601857956653,12.5-13.5,3.7063096551808683,92.14185788492767,209.84379613227046,8.433676067270078
3579,15311,71475850000.0,10.854159355163574,3101,1042147,9830096961536.0,12.992557801621796,135331921.4092161,8.131400247867003,2.265509366989136,0.355357518242837,0,0.0,6,58197049500.49384,-1.0,0,0.0,11,97172425530.25037,-1.0,0,0.0,13,104317134826.4163,-1.0,0,0.0,26,184448163682.53387,-1.0,0,0.0,70,426224263449.2812,-1.0,0,0.0,124,799178324611.2003,-1.0,4,663847356.7421154,331,2427086477825.9062,-0.0575721988774988,8,1328002549.0039668,677,5099592029889.989,-0.2048265428028897,12.5-13.5,3.907330953846884,140.3768429842043,26.56961878598317,244.81258765131386
4218,17384,81515030000.0,10.911237716674805,2679,994653,10801649811456.0,13.03349009338421,203353981.70055452,8.308252680373014,2.4926815032958984,0.3968409839484482,0,0.0,4,31201425716.52291,-1.0,0,0.0,7,42678610013.93701,-1.0,0,0.0,11,64306923746.18277,-1.0,0,0.0,39,259571564929.61972,-1.0,0,0.0,98,600610455651.5322,-1.0,0,0.0,156,1049830773991.0486,-1.0,7,1070301447.4387432,446,3538480005962.574,0.649248651964377,14,2490707034.1026998,891,7070110002678.337,0.3915535500949429,12.5-13.5,4.0320350163865655,134.3126868356953,9.19671823677849,130.55997656480662
485,3364,123928200000.0,11.093170166015623,2275,942672,10886938886144.0,13.036905785014008,476641214.752676,8.678191592701515,4.989813327789307,0.698171326182059,1,115509516.44597872,5,75356096055.67871,794.1734571971102,1,115509516.44597872,21,235701557595.29263,98.39668214963878,1,115509516.44597872,31,307831058406.81573,28.45086878507816,1,115509516.44597872,48,437318616149.90906,5.361387657576882,1,115509516.44597872,108,832165333332.1267,0.5530731585881059,1,115509516.44597872,161,1148535322880.7942,-0.2048265428028897,4,563092387.6143466,406,2919189303955.005,-0.0575721988774988,8,2008285088.855625,895,6467642388294.179,-0.2048265428028897,12.5-13.5,4.042619429711925,274.08397457189255,219.55858337023915,302.43682185562443
1380,7501,90592340000.0,10.957091331481934,2582,982836,11968683442176.0,13.078046380544713,165977493.55763575,8.22004920197741,2.0205812454223637,0.3056911999014906,0,0.0,8,70227454255.59653,-1.0,0,0.0,18,130335742661.05688,-1.0,0,0.0,27,251830029151.4868,-1.0,0,0.0,37,300541805207.3597,-1.0,5,2415169527.8482275,123,1490618825037.9922,6.765365792940529,8,2849717821.91378,217,2306490625767.0776,5.361387657576882,9,3005782889.3743687,425,3752487185151.306,1.120462552525627,10,3891696353.0120897,813,6516964048155.997,-0.0060331785036121,12.5-13.5,4.172308290555805,19.603037579347507,9.5320039742951,146.78424629096546
1088,6233,82608800000.0,10.91702651977539,3753,1103562,12264870510592.0,13.088662967395056,265740014.33330545,8.424456954093085,2.429198265075684,0.3856417064854806,1,117886162.5661954,7,111931203423.18835,794.1734571971102,2,218845392.9796309,19,224642947003.80408,197.7933642992776,2,218845392.9796309,36,397427672212.8636,57.90173757015632,2,218845392.9796309,59,544825765563.5639,11.722775315153765,3,370809341.4748,149,1357669022527.1062,3.659219475764318,6,902156298.5264168,297,2543148370462.428,3.771040743182661,10,1704955092.9840665,705,5955107835214.122,1.3560695028062528,10,1704955092.9840665,1149,8932788709218.713,-0.0060331785036121,12.5-13.5,4.206445370906519,200.58285817094776,160.9579365958075,121.72918742618837
2134,10369,99596400000.0,10.998244285583496,3734,1101924,13069813022720.0,13.116269374590354,131174873.5947633,8.117850654367436,3.334808111190796,0.5232010603566348,0,0.0,0,0.0,-1.0,1,153209011.56510088,8,106456875141.159,98.39668214963878,2,374835654.9172124,14,218511654813.62683,57.90173757015632,2,374835654.9172124,29,313788189370.9693,11.722775315153765,3,796180533.5735197,92,826176061262.8015,3.659219475764318,5,1202160954.4886012,163,1468643253976.5596,2.9758672859855517,10,1919577871.610149,415,3456486992764.55,1.3560695028062528,15,2564070120.7464027,834,6439260321229.058,0.4909502322445818,12.5-13.5,4.296525452045469,126.40454310599351,240.42755388249188,213.76736879982286
4527,18339,66383160000.0,10.822057723999023,3271,1059479,14529095270400.0,13.162238571537786,136869263.58475387,8.13630593057182,1.5066503286361694,0.1783006267107999,0,0.0,6,102346240242.2871,-1.0,0,0.0,13,179740116506.1198,-1.0,0,0.0,17,198062562532.46997,-1.0,0,0.0,31,300885290391.40216,-1.0,0,0.0,80,610340534672.8225,-1.0,2,249360821.94099253,131,1040986768520.7894,0.5903469143942206,7,1359564904.7009811,404,3393964034320.6846,0.649248651964377,16,2871306990.071194,1027,8363337069529.847,0.5903469143942206,12.5-13.5,4.450824341033315,159.2799790559492,193.54526498376146,39.01814382196634
2438,11374,94292780000.0,10.974478721618652,1642,841972,14803855736832.0,13.170374844255884,340258963.85703635,8.531809575175501,2.586620807647705,0.4129006347432407,0,0.0,6,24469858483.645924,-1.0,0,0.0,9,80275989613.56259,-1.0,0,0.0,35,245590117307.12744,-1.0,0,0.0,63,426524623916.11176,-1.0,0,0.0,100,640637724535.7755,-1.0,0,0.0,137,836359085209.9247,-1.0,2,458435590.7284267,285,1984784824282.573,-0.5287860994387494,5,1021076285.519236,511,3606405188798.3374,-0.5030165892518061,12.5-13.5,4.478705905366746,208.8388968851491,188.19333342559787,161.06752380425155
6746,25035,66034580000.0,10.819771766662598,2189,930636,19022431125504.0,13.27926602032587,168011802.32757306,8.225339790688377,1.1555287837982178,0.0631564460034598,0,0.0,4,26642084385.67507,-1.0,0,0.0,8,48764051326.7213,-1.0,0,0.0,13,101605264273.6528,-1.0,0,0.0,42,308756961437.46405,-1.0,0,0.0,87,634537420777.5394,-1.0,1,298498674.08769053,141,1043113692165.0894,-0.2048265428028897,3,534733498.3551576,508,3785903036048.85,-0.2931791491581241,14,3696700084.018503,1199,9778830229329.771,0.3915535500949429,12.5-13.5,4.869110203018687,283.4464035281961,271.4319226085031,137.54484056687335
4067,16898,75053810000.0,10.875372886657717,1804,870895,23994216480768.0,13.380106572829195,178626116.23210895,8.251944955707666,1.4612525701522827,0.1650223933808705,1,130275337.52431832,12,143850847071.23856,794.1734571971102,1,130275337.52431832,20,187445912594.84735,98.39668214963878,1,130275337.52431832,43,324683881479.9752,28.45086878507816,1,130275337.52431832,61,460112839277.2828,5.361387657576882,1,130275337.52431832,86,602003248754.3489,0.5530731585881059,2,238433042.5108996,112,769719933958.4364,0.5903469143942206,3,346375487.42144376,274,2041007335079.7112,-0.2931791491581241,9,1269225900.041906,845,6324843141289.633,-0.1054298606532508,12.5-13.5,5.260937247803206,41.92938129705492,97.19109831709478,133.05886939031592
1738,8874,84279950000.0,10.925724029541016,1695,851580,24266189832192.0,13.385001590721846,273197634.1560664,8.4364769341112,2.234372615814209,0.3493499263511191,0,0.0,2,19578708284.61288,-1.0,0,0.0,13,124611556617.98907,-1.0,0,0.0,21,163164651249.58624,-1.0,2,226423442.68270397,39,309172130137.8668,11.722775315153765,5,984607541.294076,75,646656609968.2705,6.765365792940529,5,984607541.294076,96,813758034937.7064,2.9758672859855517,7,1272050753.7439609,274,2188661792855.8584,0.649248651964377,15,3306243183.9761357,584,4840082378911.168,0.4909502322445818,12.5-13.5,5.280740108430726,48.87613139393269,21.19501754179584,85.6736234130499
2362,11141,94707600000.0,10.976385116577148,1944,893750,25524835450880.0,13.406962951032986,448094486.7766921,8.651369600513824,3.705970048904419,0.5690190770875387,1,121931008.97038198,11,166885315896.76996,794.1734571971102,1,121931008.97038198,28,300271202187.85205,98.39668214963878,1,121931008.97038198,40,372681659620.2101,28.45086878507816,2,389576838.70512223,71,658371417632.2424,11.722775315153765,5,1562061640.6800652,160,1597274273220.4026,6.765365792940529,5,1562061640.6800652,239,2210097305932.016,2.9758672859855517,11,4198503197.1303735,535,4682643777119.721,1.591676453086878,16,5576343293.204697,1185,9792633165044.707,0.5903469143942206,12.5-13.5,5.370506513606261,33.07680907698553,183.04454532034248,292.57803273545915
5618,21668,70563060000.0,10.848577499389648,1604,834791,27367651147776.0,13.437237525311708,232073981.87033644,8.365626453840143,1.4984571933746338,0.1759340719984821,0,0.0,7,95279479593.4521,-1.0,0,0.0,14,180932033420.9817,-1.0,0,0.0,18,216090841510.84705,-1.0,0,0.0,35,332788353802.92053,-1.0,0,0.0,86,575139285330.5797,-1.0,0,0.0,189,1250185165911.7466,-1.0,3,400861047.6856567,555,3927198051966.3584,-0.2931791491581241,7,1331804129.6621358,1004,7315239340621.244,-0.3042232249525285,12.5-13.5,5.496759965008861,83.68942832890464,36.20960254742398,221.03919859019783
1529,8095,119824270000.0,11.078545570373535,1258,762175,28357582389248.0,13.452669202541903,206483962.47021735,8.314886325817282,3.1651175022125244,0.5005270285350439,0,0.0,6,71171439957.54128,-1.0,0,0.0,16,157474463787.4083,-1.0,0,0.0,22,202677956778.7068,-1.0,0,0.0,51,398433280837.6168,-1.0,0,0.0,102,734277232570.7075,-1.0,1,149005438.86738116,168,1215348426381.2893,-0.2048265428028897,6,809761083.7560787,479,3449281658795.7905,0.4136417016837517,15,2376635939.4613643,1077,8236137481919.429,0.4909502322445818,12.5-13.5,5.562252050816343,31.984422862230588,66.50890006827576,136.36266653749632
4316,17698,69608610000.0,10.842662811279297,924,673510,34439413366784.0,13.537055745170164,336221087.93624705,8.52662494910087,2.082166910171509,0.3187240684414507,0,0.0,5,31339040381.87956,-1.0,0,0.0,16,99447445467.15404,-1.0,0,0.0,26,162439160917.86612,-1.0,0,0.0,68,521214658315.8146,-1.0,0,0.0,168,1309187725463.5176,-1.0,1,131058231.42288496,273,2200863179966.592,-0.2048265428028897,7,1106945986.7052424,717,5722449843092.31,0.649248651964377,13,2057524569.8253453,1436,10864906395329.877,0.2921568679453041,13.5-14.0,5.934436844706607,67.40771239297314,150.4036112341305,277.7231648582817
1295,7164,83121010000.0,10.919711112976074,1198,747447,35459849781248.0,13.54973689146475,184328810.3088292,8.265593220082232,1.4050270318984983,0.1479936703932641,1,109076763.90993372,13,93540635288.8,794.1734571971102,1,109076763.90993372,20,131310521456.4259,98.39668214963878,1,109076763.90993372,32,202403585793.594,28.45086878507816,2,372802047.3201612,55,457869675356.9047,11.722775315153765,3,546951999.5837076,106,849825731809.4204,3.659219475764318,4,662075857.1938354,133,1046926009292.479,2.180693828788441,5,782547972.8609966,430,2998834858742.7925,0.1780347514031264,11,2086992645.847928,868,6437788707714.778,0.0933635036460267,13.5-14.0,5.992479556900921,110.12042829199882,244.9762418807204,273.06583536315327
133,1234,82863055000.0,10.918360710144045,1140,733689,36408756535296.0,13.561205846770225,166324711.621142,8.220956779125721,2.022167682647705,0.3060318791280309,1,190235229.48018563,6,52437317346.73112,794.1734571971102,1,190235229.48018563,17,135960262945.20728,98.39668214963878,1,190235229.48018563,31,293196917046.5489,28.45086878507816,1,190235229.48018563,66,499723915033.7882,5.361387657576882,1,190235229.48018563,112,761077337237.5619,0.5530731585881059,1,190235229.48018563,182,1273074172654.967,-0.2048265428028897,3,504134464.8384928,566,4182745872661.009,-0.2931791491581241,12,9878814316.117945,1483,12702505838687.973,0.1927601857956653,13.5-14.0,6.045462703896809,97.6060119574845,295.06354720253916,109.0839399726897
351,2595,138169100000.0,11.140411376953123,957,683595,45228916473856.0,13.655416183698565,262415877.41662875,8.418990108393485,2.8659214973449707,0.457415801165297,0,0.0,4,23829253736.34336,-1.0,0,0.0,16,106181488527.7434,-1.0,1,101477383.42778604,36,258855721636.93344,28.45086878507816,1,101477383.42778604,84,602055902383.5858,5.361387657576882,3,797793925.5102249,175,1410857242030.8037,3.659219475764318,3,797793925.5102249,246,1931657236710.6687,1.385520371591331,4,1000759691.1561676,455,3409162839940.0684,-0.0575721988774988,7,1333003155.920123,920,6445245150007.054,-0.3042232249525285,13.5-14.0,6.4987973076227705,135.58676788086802,206.01484075140243,186.58584292884558
9834,33346,64877634000.0,10.812094688415527,690,596376,51297604599808.0,13.710097085708812,169194186.0408814,8.228385435453921,2.3223326206207275,0.3661113901528666,0,0.0,1,26548658460.51063,-1.0,0,0.0,12,109164336278.86304,-1.0,0,0.0,31,220660819771.8622,-1.0,1,108289429.24975504,88,713264710534.6643,5.361387657576882,1,108289429.24975504,164,1241962892584.3684,0.5530731585881059,3,365603998.9501423,271,2171655385753.628,1.385520371591331,12,4012186506.695458,742,6282165234538.3545,1.8272834033675036,37,9790497500.936666,1789,15762385267765.436,2.677677239536635,13.5-14.0,6.777350700601283,219.77928015205197,39.33401436097579,47.95214526590641
549,3716,144081190000.0,11.158607482910156,520,526288,58895720513536.0,13.77008373918645,878837446.846862,8.94390855372466,7.263460159301758,0.8612033462944089,0,0.0,2,17491869071.89062,-1.0,0,0.0,11,57702754622.26316,-1.0,0,0.0,27,196760952701.46164,-1.0,0,0.0,54,377828149817.3538,-1.0,1,149554044.78256986,119,865656235135.6891,0.5530731585881059,1,149554044.78256986,149,1057187294692.5314,-0.2048265428028897,1,149554044.78256986,382,2711263045136.2607,-0.7643930497193747,8,998701356.9035147,1002,6968549215533.162,-0.2048265428028897,13.5-14.0,7.096684701116601,170.88037671612048,124.73222523619722,279.30386403897256
1345,7363,122561450000.0,11.088354110717772,772,624856,59624812183552.0,13.775427024035166,253863218.02458864,8.404599780959812,2.269795656204224,0.3561780547940215,0,0.0,7,132096218066.75471,-1.0,0,0.0,16,219851604228.1084,-1.0,0,0.0,23,266839507752.75723,-1.0,0,0.0,34,327594024587.0365,-1.0,1,100706546.953163,119,986819361246.614,0.5530731585881059,1,100706546.953163,186,1378567707082.8137,-0.2048265428028897,2,314104871.4927702,432,3141407742062.465,-0.5287860994387494,8,1972363843.792372,958,7257071225638.59,-0.2048265428028897,13.5-14.0,7.125848837672281,139.7541495977266,117.83387077428404,123.509985329938
1369,7451,86195585000.0,10.935484886169434,498,515300,59842421063680.0,13.777009155600505,387560994.1545193,8.588340061268601,2.507219791412353,0.399365590378448,0,0.0,8,64020468170.11421,-1.0,0,0.0,11,76963408466.00067,-1.0,0,0.0,19,124887551024.56058,-1.0,0,0.0,61,489979713125.7103,-1.0,0,0.0,127,984041149289.9734,-1.0,1,567812002.9335146,188,1515687927317.753,-0.2048265428028897,3,986188198.0809414,438,3347901604873.859,-0.2931791491581241,11,2177946695.990273,933,7077931471725.536,0.0933635036460267,13.5-14.0,7.134507231779694,57.74680188035135,29.2075744574845,41.30791329901093
2158,10449,100631530000.0,11.002734184265137,489,510705,63187059736576.0,13.80062814694668,184513205.02938932,8.26602745269659,2.388822555541992,0.3783656557557285,0,0.0,6,48229863835.81711,-1.0,0,0.0,18,113773957040.0586,-1.0,0,0.0,22,133180746752.00436,-1.0,0,0.0,33,188014255289.41623,-1.0,2,361713451.8263648,122,1075355805608.4216,2.106146317176212,2,361713451.8263648,184,1571961065766.9436,0.5903469143942206,3,612982907.6088245,495,3823209231912.405,-0.2931791491581241,11,1765063612.969058,987,7654364198305.485,0.0933635036460267,13.5-14.0,7.265022767063121,217.98923272807795,107.70476961544139,144.77094174416888
2760,12533,88397210000.0,10.946438789367676,493,512658,65074223906816.0,13.813408997296108,87964482.68024908,7.944307352949903,1.9587024450302124,0.2921901344729997,0,0.0,8,117482266086.09184,-1.0,0,0.0,25,348787221332.7605,-1.0,1,129791431.99348363,40,508151793149.0756,28.45086878507816,1,129791431.99348363,63,669083220305.1174,5.361387657576882,2,233979756.0263074,136,1311132822604.8086,2.106146317176212,3,410816767.7712996,201,1786341294008.3328,1.385520371591331,4,665952848.3084812,501,3886704473086.152,-0.0575721988774988,5,859362383.6835225,899,6461268761515.577,-0.5030165892518061,13.5-14.0,7.336640908492356,225.5530105919693,231.6447307720697,147.49019689253026
542,3676,108161520000.0,11.034072875976562,400,466819,67376317988864.0,13.828507273774644,208748393.43167984,8.319623141753526,2.553675889968872,0.4073358093135167,1,116381610.53444947,11,108362967052.18378,794.1734571971102,1,116381610.53444947,18,157592843548.18933,98.39668214963878,1,116381610.53444947,23,195019195257.192,28.45086878507816,2,222615936.4262231,55,518713310330.112,11.722775315153765,6,844650546.0431697,128,1307942722886.9324,8.318438951528636,6,844650546.0431697,192,1727690926942.989,3.771040743182661,7,962982489.5830784,415,3263045696292.545,0.649248651964377,10,1751438799.5295022,805,6072016742717.288,-0.0060331785036121,13.5-14.0,7.422155038241111,9.835004330666889,214.63680063478006,109.78119464127546
1876,9392,108599460000.0,11.03582763671875,430,482286,67993501433856.0,13.832467406437347,376202818.30874383,8.575422044726723,5.16332483291626,0.7130135513144198,0,0.0,9,74714662879.48544,-1.0,1,271377086.87697816,14,218374827661.6607,98.39668214963878,1,271377086.87697816,23,297000178649.85,28.45086878507816,1,271377086.87697816,60,577963302409.6451,5.361387657576882,5,829757434.5890244,156,1439100621828.5413,6.765365792940529,5,829757434.5890244,286,2381491223979.8486,2.9758672859855517,15,2811957008.5383425,678,5859896910201.14,2.534104254209379,19,7207706662.190234,1342,11511661176541.44,0.888536960843137,13.5-14.0,7.4447491035629625,89.56418844109832,85.94074079199882,74.54311752657219
1839,9248,103769350000.0,11.016069412231444,611,565245,68188641427456.0,13.833712037761885,205050682.60007176,8.311861219363328,3.747507095336914,0.5738583372343529,0,0.0,8,119025627349.6598,-1.0,0,0.0,29,312134572713.1153,-1.0,0,0.0,47,488767355618.8725,-1.0,0,0.0,73,699441785178.1439,-1.0,1,158980984.27266684,150,1274599923535.2976,0.5530731585881059,4,671583802.7750105,242,2074118821070.8264,2.180693828788441,6,943640250.5619496,527,4038029968967.332,0.4136417016837517,10,2083384650.7745223,962,7091302188635.22,-0.0060331785036121,13.5-14.0,7.451864394819682,243.42755849571893,155.54520270519635,21.781344282827725
4723,18944,70947290000.0,10.85093593597412,538,534279,75706658717696.0,13.879134079198533,193970418.6899809,8.287735503232959,1.4074100255966189,0.1487291078819525,1,812365267.3520837,21,355387962793.6493,794.1734571971102,1,812365267.3520837,27,418929410325.69617,98.39668214963878,1,812365267.3520837,41,497021363096.1784,28.45086878507816,1,812365267.3520837,79,733833618358.6971,5.361387657576882,2,960133933.4877748,157,1397330847362.3086,2.106146317176212,4,1238867540.6812778,276,2332185841227.9014,2.180693828788441,5,1382880491.1146448,558,4244493234243.793,0.1780347514031264,10,2052161353.4134085,960,7085265940292.267,-0.0060331785036121,13.5-14.0,7.716238162230474,206.926944936522,265.9754668585769,11.194050926566652
2294,10928,106142360000.0,11.02588939666748,411,472857,84143316664320.0,13.92501962653793,284131724.14213425,8.453519726685581,4.873956203460693,0.6879707183564454,0,0.0,5,28014045339.57815,-1.0,0,0.0,13,104092930424.06204,-1.0,1,139114900.3631709,33,322754146569.1701,28.45086878507816,1,139114900.3631709,84,707996028395.9972,5.361387657576882,4,942992854.8865026,191,1686046684530.9382,5.212292634352424,5,1175018139.612474,249,2087996355201.5608,2.9758672859855517,7,1697061013.6624317,536,4249034935714.647,0.649248651964377,7,1697061013.6624317,805,5933048139464.594,-0.3042232249525285,13.5-14.0,7.9928342352254,197.9862571966342,272.5735809713611,180.83558228151756
982,5784,128987250000.0,11.110547065734863,426,480348,84509076750336.0,13.926903357125804,425968082.7036346,8.629377059137957,6.427562713623047,0.8081138850056223,0,0.0,3,15906902464.012638,-1.0,0,0.0,7,135756650258.20872,-1.0,4,1144119444.0521672,22,575625284921.1127,116.80347514031264,6,1421493538.88769,47,916416111564.7206,37.16832594546129,7,1821517537.3806937,118,1468101752510.0342,9.871512110116742,7,1821517537.3806937,164,1860967205668.5376,4.566214200379772,7,1821517537.3806937,369,3346493234844.168,0.649248651964377,11,2743982607.3805275,804,6575913018081.48,0.0933635036460267,13.5-14.0,8.00439876618016,142.04476675524063,111.6783727302923,193.79405631827578
3361,14577,86125760000.0,10.93513298034668,178,311727,91614747820032.0,13.961965390494417,128682822.66658494,8.10952057861381,2.043853521347046,0.3106622037129953,2,355633086.78530014,9,169579453099.81927,1589.3469143942204,3,504980615.53017735,21,320102543888.2413,297.19004644891635,3,504980615.53017735,32,405804077749.0243,87.35260635523447,3,504980615.53017735,84,860257062688.1398,18.084162972730645,4,662773482.9700553,181,1607239108883.5286,5.212292634352424,5,877846497.0799509,317,2757877656095.037,2.9758672859855517,10,1713362045.9006746,724,5647655859576.38,1.3560695028062528,24,5246469187.862336,1499,12310295936972.965,1.385520371591331,13.5-14.0,8.222730581727442,129.98187001771478,198.87047442426928,259.8677157144966
2736,12454,98638730000.0,10.994048118591309,369,448645,93300698644480.0,13.969884895796945,308010153.0302722,8.488565032514558,3.2425594329833984,0.511021860083497,0,0.0,3,27754882601.88636,-1.0,1,117202835.21745704,32,301540341389.92896,98.39668214963878,4,492554250.9121145,57,618552192627.6622,116.80347514031264,4,492554250.9121145,110,951939487320.0104,24.44555063030753,5,642601618.9397737,237,1964275649789.1616,6.765365792940529,7,1024536223.1257676,347,2960507168481.58,4.566214200379772,14,2401379072.6256924,797,6674470899641.454,2.298497303928754,25,4337677855.296476,1415,11613096443291.148,1.4849170537409695,13.5-14.0,8.272864209806727,296.5342439843519,231.30166814289933,238.37935027310306
264,2061,116469890000.0,11.066213607788086,319,418698,95636196163584.0,13.980622294147857,282902334.34848034,8.451636531021789,2.6931042671203613,0.4304143997606647,1,247917959.37473667,5,37332835153.805534,794.1734571971102,2,422549424.9322121,12,135126080147.3127,197.7933642992776,3,602236525.7289159,30,411183665530.464,87.35260635523447,5,1191402900.1424122,93,1064929674737.813,30.80693828788441,5,1191402900.1424122,219,1938909663760.2075,6.765365792940529,5,1191402900.1424122,287,2443158393162.0664,2.9758672859855517,14,4094852617.707248,711,6199084647969.926,2.298497303928754,25,5742977950.738479,1366,11167032831901.994,1.4849170537409695,13.5-14.0,8.341324729368557,189.49894587762032,107.646573756274,2.706263147697077
3534,15145,82935900000.0,10.918743133544922,345,434871,97338085343232.0,13.98828279934485,128853922.5992848,8.110097643975738,2.002391576766968,0.3017658434565249,0,0.0,5,69907464247.59178,-1.0,0,0.0,21,187246679846.1501,-1.0,0,0.0,35,271716967097.48883,-1.0,0,0.0,51,408512138540.7792,-1.0,2,238065325.4518405,166,1388101769181.736,2.106146317176212,3,435095428.8925293,279,2187710406067.8728,1.385520371591331,5,1065279358.5101448,618,4458223907802.183,0.1780347514031264,15,3570609724.3619347,1206,9464922463309.637,0.4909502322445818,13.5-14.0,8.390513305442544,2.9015642948336473,15.584278179897403,39.38232349793328
2742,12476,92927030000.0,10.96814250946045,268,384682,101358334115840.0,14.00585946404741,265744578.8313092,8.424464413712126,2.98096251487732,0.4745021797996533,0,0.0,4,43453759664.20384,-1.0,1,122137387.52319498,20,189919762064.79327,98.39668214963878,1,122137387.52319498,29,233475985360.2089,28.45086878507816,3,343205718.5276159,63,571023228028.0552,18.084162972730645,3,343205718.5276159,146,1153472835400.9731,3.659219475764318,4,505853273.3066546,276,2190337230013.928,2.180693828788441,11,1852725986.374808,768,5933905283557.231,1.591676453086878,22,4772344482.597926,1637,13263764936319.666,1.1867270072920535,14.0-14.5,8.504473234425092,135.87303015205197,293.13307314732805,68.45054389946856
1007,5909,132720250000.0,11.122937202453612,263,380828,103605214380032.0,14.015381613705411,151338667.2626106,8.179949905110321,4.477938652038574,0.6511751139598503,1,187022345.32810572,6,99974967911.06956,794.1734571971102,1,187022345.32810572,18,215844312203.7505,98.39668214963878,1,187022345.32810572,31,313078345038.52686,28.45086878507816,2,396406688.8190034,106,911984386778.8073,11.722775315153765,3,1135496749.8624434,197,1652764246760.8315,3.659219475764318,4,1337547388.652591,256,2129701754847.635,2.180693828788441,7,1688133515.4945674,600,4518036739001.559,0.649248651964377,11,2272888543.1860023,1194,9038124393626.648,0.0933635036460267,14.0-14.5,8.566856032021557,21.69230179270003,171.74377675671687,201.57906148509005
3107,13720,75606010000.0,10.87855625152588,274,389202,104744823554048.0,14.02013256951459,552826096.0598629,8.742588535645625,3.2869744300842285,0.5169284314603174,0,0.0,3,33853841208.060093,-1.0,0,0.0,5,48359509217.62296,-1.0,0,0.0,6,56983798891.87785,-1.0,0,0.0,12,83413866854.78395,-1.0,2,295679642.8702875,102,814562911238.6829,2.106146317176212,3,508115999.4556096,182,1550656789157.6072,1.385520371591331,7,1026536408.1485806,460,3644326484974.1343,0.649248651964377,9,1819296950.347345,1060,7918220557600.184,-0.1054298606532508,14.0-14.5,8.598152041163704,126.56969663418955,175.1687057130204,121.63225199291409
630,4106,79189110000.0,10.89866542816162,295,403479,115490999500800.0,14.062548139903948,171359985.3496971,8.233909416358077,2.7545714378356934,0.4402116745361137,0,0.0,7,98743101629.77586,-1.0,1,112697462.58621693,22,252718373512.77823,98.39668214963878,2,265825853.0179026,33,422981810369.14526,57.90173757015632,2,265825853.0179026,64,628638079437.7748,11.722775315153765,2,265825853.0179026,148,1283770286433.2825,2.106146317176212,3,395775213.8926176,199,1623042536707.5198,1.385520371591331,7,946687637.2901746,390,2967839243051.612,0.649248651964377,12,9251862862.247755,898,7426807963420.485,0.1927601857956653,14.0-14.5,8.882672372672205,80.29091009743136,18.526089817223944,100.39854821744908
561,3775,140008500000.0,11.146154403686523,252,373072,118042587561984.0,14.0720387209192,322690156.0467465,8.508785717062453,3.3416852951049805,0.5240954908513459,1,187807562.7211381,3,16087923195.638733,794.1734571971102,1,187807562.7211381,10,53602600470.73523,98.39668214963878,1,187807562.7211381,19,138876806028.40945,28.45086878507816,1,187807562.7211381,74,504025287215.6752,5.361387657576882,2,290739316.1996051,173,1306087106184.724,2.106146317176212,2,290739316.1996051,283,2010041561306.561,0.5903469143942206,2,290739316.1996051,484,3336922828342.3457,-0.5287860994387494,7,1218549317.1223855,1062,7491365621751.272,-0.3042232249525285,14.0-14.5,8.947612569773737,274.6740985754355,40.98714985606732,282.4461636403897
1150,6497,80100246000.0,10.903634071350098,279,392679,118847877152768.0,14.074991428814956,85547684.10093635,7.932208257058909,0.9771528244018556,-0.0095932867161368,0,0.0,6,39079018291.34442,-1.0,0,0.0,26,160294021076.9547,-1.0,0,0.0,42,262856122479.17267,-1.0,0,0.0,74,420475033380.5156,-1.0,0,0.0,133,822434037184.6941,-1.0,1,110024034.73058632,218,1419513474172.0774,-0.2048265428028897,3,352604961.6887114,604,4139019444844.42,-0.2931791491581241,13,4070505509.738694,1489,11342848543927.906,0.2921568679453041,14.0-14.5,8.9679134234648,43.2069510951801,134.29534110200768,210.3344589607322
507,3507,97392410000.0,10.988525390625,221,348989,122974577360896.0,14.089815338650387,428068631.6885778,8.631513404466672,4.18366289138794,0.6216604777876076,1,112951720.24836116,7,45995761378.87365,794.1734571971102,1,112951720.24836116,20,214759483251.5238,98.39668214963878,1,112951720.24836116,41,355193984607.0636,28.45086878507816,1,112951720.24836116,135,1139642263025.4592,5.361387657576882,5,1127567254.435815,256,2124530385826.6245,6.765365792940529,7,1880565932.0815885,336,2832077658296.088,4.566214200379772,11,2549438643.018193,685,5500674166790.6,1.591676453086878,18,3610238503.551445,1237,10000271164045.81,0.7891402786934982,14.0-14.5,9.070530963591125,278.0750618172424,103.31918225937407,253.99230975051668
3056,13526,68155752000.0,10.833502769470217,235,359588,124389475483648.0,14.094783636522529,207120242.49314627,8.316222545892312,1.210062861442566,0.0831666862224013,0,0.0,3,29916558464.192204,-1.0,0,0.0,4,35080739995.67091,-1.0,0,0.0,8,73523867841.24136,-1.0,0,0.0,24,199644645257.51285,-1.0,0,0.0,83,652422651028.1898,-1.0,4,761943567.6509101,219,1814212547331.952,2.180693828788441,10,2408730622.863818,591,4960961123157.964,1.3560695028062528,21,4576365017.984639,1199,9883061973727.271,1.0873303251424145,14.0-14.5,9.105185738539314,185.13989611012695,252.81240773545912,104.37886357764984
879,5345,142579290000.0,11.154056549072266,223,350629,131011845292032.0,14.117310563689344,840536084.1701823,8.92455636241512,8.914180755615234,0.9501301529371116,2,350352498.7860208,6,154028351385.40262,1589.3469143942204,3,496194300.5852056,27,409795252365.949,297.19004644891635,4,644561507.1443671,40,614492376319.8419,116.80347514031264,7,1214271124.5062466,107,1240839777062.838,43.529713603038175,8,1334938097.4933078,205,2009043636876.7112,11.424585268704847,8,1334938097.4933078,279,2484456784770.241,5.361387657576882,14,2246719354.981953,571,4753549970248.688,2.298497303928754,18,2857991201.395583,921,7262880205316.182,0.7891402786934982,14.0-14.5,9.263983763210177,58.85358424675229,30.883332064695896,73.77824448258046
744,4681,114486600000.0,11.058754920959473,185,318336,136576881393664.0,14.135377191784158,202276278.9745967,8.305944955857958,2.3779189586639404,0.3763796474157664,0,0.0,2,10617681404.183598,-1.0,0,0.0,14,116028089394.14565,-1.0,1,320904337.44825304,29,276905953101.01086,28.45086878507816,2,446027360.365987,53,458242071741.3388,11.722775315153765,5,1065174306.3136193,167,1520648287845.1438,6.765365792940529,5,1065174306.3136193,255,2140207084268.112,2.9758672859855517,12,2432408392.5701365,548,4600338066551.659,1.8272834033675036,27,6098254724.835483,1100,9280847684142.863,1.6837104180402471,14.0-14.5,9.393338968032584,151.3485731288751,237.27411333776203,232.3911739740183
795,4922,107200650000.0,11.030198097229004,175,308891,148736479068160.0,14.172417496531809,159975316.16761687,8.204052977160964,3.0326430797576904,0.4819644829734402,1,117892651.85251395,9,165636416888.70865,794.1734571971102,2,774954064.2770581,24,378651475709.2738,197.7933642992776,2,774954064.2770581,48,583465971494.798,57.90173757015632,7,1743976326.4904902,124,1402325212629.9104,43.529713603038175,9,2146023277.5023737,252,2399615685400.2314,12.977658427292951,9,2146023277.5023737,329,3015258703254.336,6.156561114773993,14,3602800564.689202,746,6265318171311.736,2.298497303928754,18,5696425219.909223,1443,11311190032021.016,0.7891402786934982,14.0-14.5,9.664218998275246,138.27414563035134,0.7167672674529912,79.58163220586064
2726,12412,86426750000.0,10.93664836883545,203,334022,165268915486720.0,14.21819117721292,224516108.07334915,8.351247505234262,2.5398168563842773,0.4049733619696065,0,0.0,2,7300081948.52727,-1.0,0,0.0,11,47106389973.69647,-1.0,0,0.0,23,138286006443.61383,-1.0,1,106070093.3288113,39,300766669977.0878,5.361387657576882,1,106070093.3288113,118,900368390487.7161,0.5530731585881059,4,1183413674.409829,245,2008945358505.2107,2.180693828788441,7,2750963491.508927,710,5671700494045.49,0.649248651964377,15,4627137840.319901,1235,9708303486329.47,0.4909502322445818,14.0-14.5,10.009782856591766,181.33600208517862,45.14755983355477,251.91651904340125
5260,20615,72935540000.0,10.86293888092041,146,280543,167491024191488.0,14.223991538247155,118089200.2364334,8.072210181337569,2.155959367752075,0.3338419640514236,0,0.0,10,95004999500.33884,-1.0,0,0.0,30,276109374727.4412,-1.0,1,106011572.88979667,51,528575390014.1782,28.45086878507816,1,106011572.88979667,117,1090974326168.22,5.361387657576882,1,106011572.88979667,235,1959153345932.0452,0.5530731585881059,1,106011572.88979667,295,2372517313116.381,-0.2048265428028897,2,228064654.68480235,492,3817855800574.3184,-0.5287860994387494,2,228064654.68480235,811,5915021020858.588,-0.8012066357007224,14.0-14.5,10.054445168706154,277.648799638323,17.07694545551004,151.0271926668143
1747,8909,70441935000.0,10.84783172607422,134,266530,174660482236416.0,14.242194654908252,334074921.4682426,8.523843874989375,2.91296911239624,0.464484944006735,0,0.0,2,8450011201.125877,-1.0,0,0.0,18,146680039961.0769,-1.0,2,232632582.93627423,32,316239597788.9468,57.90173757015632,2,232632582.93627423,63,505574771065.89087,11.722775315153765,2,232632582.93627423,195,1365379812506.6123,2.106146317176212,3,346549742.6321312,368,2602486989034.954,1.385520371591331,8,1387285616.6459022,762,5777085968437.605,0.8848556022450023,15,2957518403.0512776,1395,10497724148272.97,0.4909502322445818,14.0-14.5,10.195905829195576,179.103788382049,129.0113508451432,11.873047307490037
444,3147,157085140000.0,11.19613552093506,80,199580,193627108147200.0,14.286966159246084,752246209.1510683,8.876360007845921,7.759140491485596,0.8898695839031154,0,0.0,6,89082803114.13559,-1.0,0,0.0,17,178926986272.89746,-1.0,1,134239370.31625822,39,390588088059.5167,28.45086878507816,1,134239370.31625822,105,968209212161.3914,5.361387657576882,8,1468006543.4609752,267,2724482195634.9844,11.424585268704847,13,2240003775.425777,414,4087891507314.162,9.337254943562431,23,4853105293.77658,871,8279691342234.708,4.418959856454381,30,7476685861.533095,1517,13628947296201.018,1.981900464489164,14.0-14.5,10.552361248579906,78.80809206155891,201.88055893858873,81.05965248560673
872,5309,152445080000.0,11.183114051818848,37,124333,197666877210624.0,14.2959339012316,1161057718.7074966,9.064853809999637,14.906688690185549,1.173410315021819,0,0.0,7,70663976887.52753,-1.0,2,334462958.79251105,15,209412997209.60696,197.7933642992776,2,334462958.79251105,39,427810623163.94745,57.90173757015632,2,334462958.79251105,99,794493203313.4344,11.722775315153765,4,615643295.0236222,204,1613721449905.911,5.212292634352424,7,2163190299.500432,324,2641741877544.372,4.566214200379772,11,2855967176.494642,694,5504407934516.727,1.591676453086878,24,12128935205.12956,1484,12397355268645.283,1.385520371591331,14.0-14.5,10.625243649321359,215.72056299822853,126.36308172793032,87.74047599276646
1707,8767,77473100000.0,10.889151573181152,92,216757,207364997251072.0,14.31673545029975,128370841.97772792,8.108466389728031,1.5023313760757446,0.1770547217303221,2,937721148.4104474,7,346116107897.5938,1589.3469143942204,2,937721148.4104474,19,435901943793.2954,197.7933642992776,3,1048304224.1585864,51,713541406224.1099,87.35260635523447,3,1048304224.1585864,108,1137150132246.0625,18.084162972730645,5,1383899137.2105577,246,2268183784812.8926,6.765365792940529,5,1383899137.2105577,381,3238285591389.741,2.9758672859855517,8,2016984045.9080796,742,6061064909042.638,0.8848556022450023,22,4770709436.792679,1496,12408357603265.95,1.1867270072920535,14.0-14.5,10.796245396133049,221.003930469442,33.7555358724535,159.17500507454974
2226,10693,99976310000.0,10.999897003173828,40,130741,235068089958400.0,14.371193678484511,284347300.4333945,8.453849109456673,3.08497166633606,0.4893919342966722,0,0.0,8,88501955014.89136,-1.0,0,0.0,22,223890857197.4521,-1.0,1,179729349.90021414,32,326261679296.26544,28.45086878507816,1,179729349.90021414,70,624087360058.6981,5.361387657576882,1,179729349.90021414,149,1079562333681.114,0.5530731585881059,2,286785594.7736375,299,2402758625604.6387,0.5903469143942206,8,2163954220.48561,730,5996316420819.02,0.8848556022450023,12,2775716949.7877154,1436,11164107394976.924,0.1927601857956653,14.0-14.5,11.257073200125413,17.467734801723502,0.5197390884926512,179.07640887953943
354,2612,117400630000.0,11.06967067718506,79,198208,253893451710464.0,14.404651499917891,354351796.4495858,8.549434638836393,5.491949558258057,0.739805610914538,1,232338557.7726969,3,48837269834.26559,794.1734571971102,1,232338557.7726969,23,192038979956.55963,98.39668214963878,2,338551601.0051038,75,714954514312.716,57.90173757015632,5,4437513236.184105,208,2225387351796.9424,30.80693828788441,9,5464091446.610337,433,4360253075239.473,12.977658427292951,13,8291483442.633156,593,5997684389431.989,9.337254943562431,17,9188303004.335451,935,8842967374067.162,3.00531815477063,26,11186155025.60336,1503,13106721585739.1,1.5843137358906083,14.0-14.5,11.54989662766584,255.8496872232064,100.62314317611455,243.7576348907588
277,2137,153742800000.0,11.186795234680176,67,180645,278848855867392.0,14.445368866896445,164088588.79639542,8.215078379986215,4.854569435119629,0.686240168956389,0,0.0,8,59496659091.48544,-1.0,0,0.0,25,204980328287.52792,-1.0,2,355994534.53384817,75,766582136128.4817,57.90173757015632,9,1625355341.6138911,188,1910326169467.725,56.25248891819194,11,2237447429.6936398,383,3530921650638.543,16.083804744469166,11,2237447429.6936398,479,4320936863854.251,7.746908029168214,15,2933653976.99813,793,6636521484178.188,2.534104254209379,17,3362872710.950279,1170,9409310255372.354,0.6897435965438594,14.0-14.5,11.916550367087456,220.37567814437557,262.5248422276351,133.59398066135222
1946,9644,127703670000.0,11.10620403289795,44,138686,332506201063424.0,14.521799749075257,441574898.7906726,8.64500437806685,7.201880931854248,0.8575062356754718,0,0.0,5,34336189640.142025,-1.0,0,0.0,13,93637033747.0499,-1.0,0,0.0,23,160377517294.17273,-1.0,2,398001705.901546,105,953718044077.1498,11.722775315153765,6,1523077308.115334,294,2649177717782.418,8.318438951528636,6,1523077308.115334,416,3685725951726.2256,3.771040743182661,10,2308744867.8890934,768,6625164641165.819,1.3560695028062528,20,4842810941.558164,1455,12401027510897.87,0.9879336429927756,>14.5,12.636520715804044,268.11554288455864,43.37078697040154,239.2589312075583
448,3162,158460740000.0,11.199921607971191,39,128624,334133456797696.0,14.523919963740935,686074131.651547,8.836371044610212,8.938356399536133,0.9513062523315234,0,0.0,3,23046781311.42372,-1.0,1,380137965.5274734,16,211789844607.6874,98.39668214963878,3,715078464.3008922,45,536242392049.4144,87.35260635523447,8,1711992112.1888187,112,1306397259094.598,49.89110126061506,12,2562624645.967433,237,2731916341839.338,17.63687790305727,12,2562624645.967433,328,3373024573949.436,8.542081486365323,14,2964675419.058971,835,6985909968464.996,2.298497303928754,18,4070227398.449934,1512,11879613543281.809,0.7891402786934982,>14.5,12.65710118155361,124.7095512252731,214.97125959551227,158.84035005166814
433,3076,133619480000.0,11.125869750976562,22,89315,360359567294464.0,14.556736056763258,288483917.9947343,8.46012160771422,2.845470666885376,0.4543067127302267,1,112973669.70939414,4,47532888968.01129,794.1734571971102,1,112973669.70939414,5,68414446207.35568,98.39668214963878,1,112973669.70939414,7,77909772326.3993,28.45086878507816,1,112973669.70939414,37,310512792493.94,5.361387657576882,1,112973669.70939414,92,682266796316.2687,0.5530731585881059,2,270440821.72094,194,1505974056113.953,0.5903469143942206,8,1539197973.93999,507,4202685791340.273,0.8848556022450023,13,2161005286.679688,1114,8664303869756.933,0.2921568679453041,>14.5,12.979947909050795,242.87002694124595,30.119427798383526,133.25520833333334
509,3516,149003960000.0,11.173197746276855,35,120494,381228075188224.0,14.581184876358591,506648444.6049722,8.704706713718886,5.493527412414551,0.7399303444379762,0,0.0,8,57690866249.72757,-1.0,0,0.0,28,217672790710.5748,-1.0,0,0.0,45,369825233945.3904,-1.0,2,398895811.3192456,110,1105004208283.9636,11.722775315153765,11,3645551783.602728,239,2927523653856.3774,16.083804744469166,17,4755091862.51381,459,4963525940323.422,12.517948772350875,32,8362354278.995605,1186,11374971182570.889,6.539422408980009,44,15069512920.665869,1878,17718038123935.785,3.373454014584107,>14.5,13.22581842624129,71.86470097062298,74.94454901092412,98.25720355403011
788,4886,146283180000.0,11.165194511413574,21,86933,382146090893312.0,14.582229421392803,1131786747.8825965,9.053764604464872,13.194150924682615,1.1204143619969165,0,0.0,9,79874008242.83829,-1.0,1,132995393.37687552,28,242082204681.81265,98.39668214963878,2,270438848.8129173,72,637782376742.4125,57.90173757015632,14,3668743805.480824,211,2626072851199.121,88.05942720607635,24,5261033188.011623,420,4659345298389.574,36.27375580611454,24,5261033188.011623,575,5904304924697.904,18.084162972730645,28,5971658970.761394,970,8851615102823.627,5.596994607857508,32,6614154073.290673,1437,12454319853750.262,2.180693828788441,>14.5,13.236426053760173,123.46234222763508,210.44400003690583,226.29804675966932
1753,8927,124451300000.0,11.094999313354492,31,111938,390177377746944.0,14.591262085651834,432204506.8315675,8.635689291195709,3.768385410308838,0.5762705452535132,0,0.0,6,61455420470.00543,-1.0,0,0.0,20,164995594585.33255,-1.0,4,2798840792.9140034,58,929417331371.1191,116.80347514031264,6,3409456087.159203,111,1603542362645.8362,37.16832594546129,6,3409456087.159203,183,2061587883803.4976,8.318438951528636,6,3409456087.159203,238,2434520134584.0894,3.771040743182661,11,4445668076.202692,894,7652115463717.765,1.591676453086878,23,7227576953.137048,1811,14873793337121.244,1.286123689441692,>14.5,13.32851072745524,228.76958314880426,149.94227699660468,260.2844977118394
246,1965,136826634000.0,11.136171340942385,8,47315,398251614273536.0,14.600157544846471,482027432.38497525,8.683071754824754,4.111173629760742,0.6140714437437869,2,705177531.9397819,9,200348918702.63263,1589.3469143942204,2,705177531.9397819,20,288707031317.08386,197.7933642992776,7,4257679301.535957,52,1050565084032.7916,205.1560814955471,9,4884622203.846631,127,1886315578894.5212,56.25248891819194,12,5335063550.644367,331,3556652549474.964,17.63687790305727,16,6551155091.819067,510,5059312155966.849,11.722775315153765,20,7353468468.412206,1101,9374965352050.531,3.7121390056125056,24,8121846926.489038,1921,15685097972200.012,1.385520371591331,>14.5,13.41982272672173,62.83941241327133,276.7347809639799,150.595198553292
773,4811,154280120000.0,11.188310623168944,17,75826,416661488271360.0,14.619783360778436,559524139.4196423,8.747818827934248,8.34163761138916,0.9213033790516196,1,151201127.3890285,9,175884428948.54236,794.1734571971102,1,151201127.3890285,24,307040188405.4483,98.39668214963878,3,717000599.1575391,76,1002043633245.2462,87.35260635523447,5,1038463455.180802,162,1778324383055.5269,30.80693828788441,7,1414635930.5766115,354,3332290418967.409,9.871512110116742,9,1684615566.1430757,517,4730389947151.414,6.156561114773993,13,3873750444.7997055,990,8501358467514.698,2.0628903536481284,15,4329635869.741334,1512,12335486317414.771,0.4909502322445818,>14.5,13.623500674067836,246.54434695157957,258.8568423383525,157.68700869131976
497,3432,121789380000.0,11.085609436035156,27,102598,456104488206336.0,14.659064345851233,326328363.42245066,8.513654822922165,3.608837366104126,0.5574876360899812,0,0.0,4,28412449903.674,-1.0,0,0.0,24,171233572842.34485,-1.0,0,0.0,55,432353952455.774,-1.0,1,149040923.71481374,122,1021967158227.4636,5.361387657576882,5,960983727.5287694,333,2928689720094.2544,6.765365792940529,10,1767052022.4119306,593,5425955706468.744,6.951734571971103,18,9170402053.678707,1186,10324454053704.078,3.240925105051254,31,12174133070.589764,1819,15858833481903.293,2.0812971466388026,>14.5,14.040493709113859,142.1010135259817,45.558805958444054,9.78569325846066
1890,9442,112859180000.0,11.052536964416504,28,104399,471019466784768.0,14.673038856476026,727814541.1072983,8.862020728166367,5.385538578033447,0.7313097745812814,0,0.0,7,51628263265.22005,-1.0,0,0.0,27,229759718909.31845,-1.0,2,219026831.775279,58,575481340891.8497,57.90173757015632,5,1184933535.3829217,141,1572789356292.8604,30.80693828788441,8,1558723844.640597,279,2672972547064.707,11.424585268704847,8,1558723844.640597,382,3411327194007.827,5.361387657576882,16,3402712027.610211,877,7435996458924.27,2.7697112044900045,19,4721638821.626365,1419,11314396533575.031,0.888536960843137,>14.5,14.191900232877922,23.528785671778124,270.0358447741364,83.42079435156481
1101,6294,140273250000.0,11.14697551727295,15,70151,497315974479872.0,14.696632409598273,181373201.61200148,8.258573119263264,2.1901214122772217,0.3406664429286334,2,294835004.5122789,12,127788734956.93784,1589.3469143942204,4,889437641.0542599,25,377317681657.83496,396.5867285985551,4,889437641.0542599,36,459267775156.0986,116.80347514031264,6,1197755258.3950932,65,833508875611.471,37.16832594546129,6,1197755258.3950932,163,1517241438045.0986,8.318438951528636,7,1313183548.7741864,292,2501758618941.8687,4.566214200379772,11,2018258874.454451,712,5541915403184.614,1.591676453086878,16,4862048176.502474,1377,10955741280452.81,0.5903469143942206,>14.5,14.45123845284423,149.72177627694126,163.41466452612931,110.70809575214054
990,5826,155199620000.0,11.19089126586914,11,58092,547336941993984.0,14.738254761430827,594157240.5259308,8.773901393896729,8.772924423217773,0.9431938891616042,0,0.0,3,19593152996.006355,-1.0,0,0.0,3,19593152996.006355,-1.0,0,0.0,3,19593152996.006355,-1.0,2,272931009.7289994,18,205979827084.23016,11.722775315153765,3,376358856.7728802,82,798956564580.018,3.659219475764318,7,935551822.6144692,203,1911200983997.005,4.566214200379772,9,1328219348.910656,577,4857321053189.026,1.120462552525627,16,2652622282.544631,1367,10897864928622.506,0.5903469143942206,>14.5,14.920355962788136,18.172188987765722,166.35561983318573,294.4550394892235
573,3825,108572205000.0,11.03571891784668,7,42633,581220677189632.0,14.764341056124303,268529417.55914813,8.428991869863436,3.025338888168335,0.4809175585254885,2,466095471.4318557,8,258225587958.03943,1589.3469143942204,2,466095471.4318557,15,337572082555.9945,197.7933642992776,3,637492316.4777817,29,492768346216.2514,87.35260635523447,3,637492316.4777817,67,833766583649.1488,18.084162972730645,4,995941877.2617238,179,1684171515279.0884,5.212292634352424,6,1263892215.3821132,343,2981065385261.4004,3.771040743182661,19,3589051574.9063644,907,7775703918354.9,3.47653205533188,37,8034059256.238241,2017,16907610912519.39,2.677677239536635,>14.5,15.222101589517537,280.0930949217597,167.07672488559197,1.8432209926049972
1932,9598,102153840000.0,11.009254455566406,9,51544,641211639529472.0,14.807001397240343,385725048.56891257,8.58627784239737,5.08944034576416,0.7067553523689241,0,0.0,8,48007103574.6385,-1.0,1,194622770.6953386,35,355312873831.8146,98.39668214963878,1,194622770.6953386,58,568471999868.0951,28.45086878507816,1,194622770.6953386,110,896118044334.0671,5.361387657576882,8,1244148809.2307112,339,3088812385956.587,11.424585268704847,11,2639779324.9928007,615,5499892849238.672,7.746908029168214,24,11556702953.328032,1274,11533003462550.553,4.654566806735007,29,12164565779.6603,1959,16390863571075.111,1.882503782339525,>14.5,15.728768836744285,82.88814539046354,20.304741128764395,145.9065798457337
1132,6405,123556990000.0,11.091867446899414,12,61684,655181557530624.0,14.816361664125669,570004941.7575693,8.755878620880807,5.706588745117188,0.7564526728937762,0,0.0,8,60773527583.50717,-1.0,0,0.0,14,141010307829.25406,-1.0,0,0.0,33,364923727945.27216,-1.0,0,0.0,92,757229190010.7106,-1.0,4,523325016.79192543,281,2201739206122.62,5.212292634352424,8,1055738375.3123944,494,3985862984949.768,5.361387657576882,22,2992453180.354695,1126,9190822528207.191,4.183352906173756,29,3827176176.964058,1774,13970389261793.377,1.882503782339525,>14.5,15.842175448159184,243.56540171981106,244.61345770593445,85.29040264245646
600,3944,140044900000.0,11.146267890930176,5,33214,733527398154240.0,14.865416339917514,522248413.94500464,8.717877129713182,5.25880241394043,0.7209694300573319,0,0.0,3,32790239481.296654,-1.0,0,0.0,8,86469902756.78642,-1.0,0,0.0,16,132838919745.59814,-1.0,3,686959946.7310048,105,1157831983128.7966,18.084162972730645,13,6748391353.836761,390,4498994824041.263,19.189951061645377,23,8733269820.665676,570,6444270253524.617,17.288989515533537,41,14819582567.611008,1369,13354514449051.68,8.659884961505636,81,30901084298.22232,2732,26543353018874.71,7.051131254120742,>14.5,16.450017991655045,68.36472057683791,101.37069355255389,206.00891275465014
785,4878,142262910000.0,11.15309238433838,4,27887,841819696922624.0,14.925219083166256,281799265.6622308,8.449939857051348,3.751157283782959,0.5742810349435268,0,0.0,4,35280704163.92779,-1.0,0,0.0,4,35280704163.92779,-1.0,0,0.0,10,91307911420.24156,-1.0,0,0.0,33,264636419684.90024,-1.0,4,2122372509.826416,147,1536699174813.9673,5.212292634352424,5,2386218504.9609585,231,2223985661332.6426,2.9758672859855517,7,2666217770.459362,566,4474667398353.084,0.649248651964377,19,6011245294.620073,1154,9570880691131.238,0.888536960843137,>14.5,17.222675741894722,221.1597883451432,48.01378086248893,38.049766916703575
1043,6077,138816110000.0,11.14243984222412,3,22740,899670222045184.0,14.95408334611498,759833889.6699595,8.880718659800998,8.826845169067383,0.9458547074971686,0,0.0,4,19748075137.914085,-1.0,0,0.0,16,113108353802.05054,-1.0,0,0.0,28,212506103654.6497,-1.0,0,0.0,64,442708103722.5857,-1.0,1,173072785.72861904,182,1238135732809.3503,0.5530731585881059,1,173072785.72861904,281,1853705960668.7844,-0.2048265428028897,3,400103031.6760592,706,4905710830637.794,-0.2931791491581241,16,2665775708.4516425,1516,11304289225300.81,0.5903469143942206,>14.5,17.60848720145595,140.11877906333038,130.09768508266905,74.17829199881902
241,1920,155613820000.0,11.19204807281494,2,17908,1033314370584576.0,15.014232469282954,528756288.2192796,8.723255545248715,5.250179767608643,0.7202568860730202,1,211907562.2412882,4,68564735438.78359,794.1734571971102,5,1968355018.426649,31,687404928752.5854,495.9834107481939,11,8571301592.425379,93,2094119081313.82,322.9595566358597,18,11253208401.80404,245,4228126974119.209,113.50497783638389,21,13863694964.61852,445,6118136986425.785,31.614536330350223,26,14764956614.661964,721,8759628735858.851,19.674509887124863,46,19564968141.98205,1508,15994206977640.234,9.837919712908764,60,21872375364.48327,2401,22938461632310.79,4.963800928978327,>14.5,18.44046014197347,175.12526064732802,93.24727358281666,288.3468731547092
902,5447,155730210000.0,11.192373275756836,0,0,1535789976518656.0,15.186331828797393,756607119.5450369,8.878870423613579,9.659850120544434,0.9850153444710484,0,0.0,2,14777372447.938248,-1.0,0,0.0,19,223950152336.2665,-1.0,1,175420436.2877217,46,450869661967.3117,28.45086878507816,1,175420436.2877217,127,1110220926417.5498,5.361387657576882,4,7010644284.174053,364,3832254702665.8286,5.212292634352424,16,11743375977.07397,756,7957166085772.574,11.722775315153765,52,24393379068.481117,1883,18877233919234.684,11.251561414592514,74,28418116322.365234,3164,29568864187819.074,6.35535447907327,>14.5,21.04448038378224,67.5843759226454,77.61494431834957,222.09998708296428
