GroupID_z8,SubhaloID_z8,GroupID_z0,SubhaloID_z0,logM200c_z8,logM200c_z0,M0_bin,ParticleMembership,N_DM_total,N_DM_sampled,N_DM_matched,DM_match_fraction,R_Lag_analytic_cMpc,R50_cMpc,R68_cMpc,R80_cMpc,R90_cMpc,Rrms_cMpc,b_over_a,c_over_a,Triaxiality,R_environment_opt_cMpc,fprog_at_Ropt,Nhalo_R10,Ngal_R10,fprog_R2,fprog_R3,fprog_R5,fprog_R8,fprog_R10,fprog_R15,fprog_R20
5891,22473,8961,1385849,10.841384887695312,12.548933007804836,12.5-13.5,R200c,57136,10000,10000,1.0,2.7797469768287053,1.7789570478974044,2.087182175344164,2.3214472730183626,2.7257910367232534,2.119678667354082,0.7767388350008144,0.6951650339607333,0.7676442740181109,5.0,0.9807,124,2,0.4993,0.8678,0.9807,0.998,0.9996,1.0,1.0
5392,21027,9529,1405515,10.84492015838623,12.624198541216078,12.5-13.5,R200c,66945,10000,10000,1.0,2.945057494845712,2.1077685505794554,2.46965427672717,2.745916964247298,3.062193777636584,2.271294634868758,0.7813136375104961,0.6632825035601818,0.6955532606302076,5.0,0.9825,117,1,0.4418,0.7263,0.9825,1.0,1.0,1.0,1.0
4974,19746,9728,1412398,10.865236282348633,12.67365248072604,12.5-13.5,R200c,76822,10000,10000,1.0,3.058992584729457,1.9714856880783327,2.3790338933481068,2.6485227617912055,2.9556159144073217,2.1085282445857145,0.9131094405814886,0.8342587457850827,0.5467907873169289,5.0,1.0,82,0,0.5125,0.8835,1.0,1.0,1.0,1.0,1.0
1230,6869,3712,1100000,10.832025527954102,12.902604438098102,12.5-13.5,R200c,128616,10000,10000,1.0,3.646663946652317,2.6085013523371687,3.16360999207829,3.6489173296222575,4.715201610757665,3.50001633827023,0.8268620165992715,0.4772399202374012,0.4095855723097237,5.0,0.8786,173,1,0.344,0.6312,0.8786,0.9549,0.9757,1.0,1.0
4479,18191,5773,1242874,10.885652542114258,12.9194121643775,12.5-13.5,R200c,134745,10000,10000,1.0,3.6940121433695636,2.5557941441834884,3.085045778213407,3.473743100702414,3.945933058427365,2.858521843193451,0.7708162562602999,0.5022377996332749,0.542746098721054,5.0,0.9351,159,0,0.2266,0.4774,0.9351,0.9977,0.9987,1.0,1.0
1464,7812,5435,1223121,11.105164527893066,12.923742311024254,12.5-13.5,R200c,134409,10000,10000,1.0,3.7063096551808683,2.4362390225828143,2.862245676145859,3.2189811533233508,3.5759222401937034,2.648614823792775,0.8126632595182689,0.6655611403324331,0.6096250134551385,5.0,0.906,136,4,0.2224,0.4581,0.906,0.9991,1.0,1.0,1.0
3579,15311,3101,1042147,10.854159355163574,12.992557801621796,12.5-13.5,R200c,157552,10000,10000,1.0,3.907330953846884,2.919329036651736,3.4811360340899102,4.040714595911713,5.054102783118903,3.5677707995923025,0.6539939664020975,0.5186141859717424,0.7828469296663063,5.0,0.8109,124,0,0.2301,0.462,0.8109,0.9262,0.9902,1.0,1.0
4218,17384,2679,994653,10.911237716674805,13.03349009338421,12.5-13.5,R200c,167957,10000,10000,1.0,4.0320350163865655,3.070437148254459,3.632200285930845,4.099157870006817,4.680464262626866,3.3847809616936395,0.7640926429326157,0.5303819781246555,0.5790529470123734,5.0,0.7332,156,0,0.1533,0.2943,0.7332,0.9852,0.999,1.0,1.0
485,3364,2275,942672,11.093170166015623,13.036905785014008,12.5-13.5,R200c,173811,10000,10000,1.0,4.042619429711925,2.6376373179974264,3.1507813225977643,3.538220263374182,3.954591903169836,2.9064397554346937,0.7545665038483064,0.6226532459429255,0.703294670712926,5.0,0.9617,161,1,0.2857,0.5679,0.9617,0.9975,0.9997,1.0,1.0
1380,7501,2582,982836,10.957091331481934,13.078046380544713,12.5-13.5,R200c,188848,10000,10000,1.0,4.172308290555805,2.8131581417576212,3.378743211011517,3.8971657221506537,4.549617678282624,3.2554951366904423,0.7199914373837236,0.6219801325955495,0.7854841777453879,5.0,0.9169,217,8,0.2543,0.556,0.9169,0.992,0.9995,1.0,1.0
1088,6233,3753,1103562,10.91702651977539,13.088662967395056,12.5-13.5,R200c,196578,10000,10000,1.0,4.206445370906519,2.690523226086322,3.189875849559823,3.5531814191038675,3.945518353763331,2.9218826529025086,0.873178299520388,0.7189617203047431,0.4917461927651919,5.0,0.8461,297,6,0.2191,0.4169,0.8461,0.9985,0.9999,1.0,1.0
2134,10369,3734,1101924,10.998244285583496,13.116269374590354,12.5-13.5,R200c,205760,10000,10000,1.0,4.296525452045469,3.0171158720810243,3.55073851550712,4.004397101420759,4.569737022394617,3.2654097304984395,0.7936416651648104,0.6789904448400833,0.686738687580445,5.0,0.8771,163,5,0.2132,0.4882,0.8771,0.9987,0.9998,1.0,1.0
4527,18339,3271,1059479,10.822057723999023,13.162238571537786,12.5-13.5,R200c,225584,10000,10000,1.0,4.450824341033315,3.327789781477179,3.835198586623242,4.276089865262138,4.806433676284087,3.4795727997892216,0.8237173436075986,0.6610255690787342,0.57098389177141,5.0,0.7513,131,2,0.1653,0.341,0.7513,0.9975,1.0,1.0,1.0
2438,11374,1642,841972,10.974478721618652,13.170374844255884,12.5-13.5,R200c,226571,10000,10000,1.0,4.478705905366746,2.9186329509435947,3.430406077755122,3.837411427795731,4.4605993354826,3.1687581297658585,0.9432584529181486,0.7625029373366473,0.2634169071099108,5.0,0.8518,137,0,0.1555,0.4058,0.8518,1.0,1.0,1.0,1.0
6746,25035,2189,930636,10.819771766662598,13.27926602032587,12.5-13.5,R200c,296093,10000,10000,1.0,4.869110203018687,3.6007993996298695,4.149314704800302,4.581755603928364,5.035462712411354,3.9301842264805766,0.7888578548094018,0.693800513487426,0.7282559534933959,5.0,0.5227,141,1,0.0796,0.2032,0.5227,0.8693,0.9854,0.9941,0.9978
4067,16898,1804,870895,10.875372886657717,13.380106572829195,12.5-13.5,R200c,365466,10000,10000,1.0,5.260937247803206,3.429123260860738,4.047696886228237,4.597442636648839,5.155445611966691,3.6567521131037277,0.8756135770554084,0.8120563615075718,0.6850417091303673,5.0,0.8561,112,2,0.1353,0.3525,0.8561,1.0,1.0,1.0,1.0
1738,8874,1695,851580,10.925724029541016,13.385001590721846,12.5-13.5,R200c,375834,10000,10000,1.0,5.280740108430726,3.8903357351232515,4.575279307990147,5.047187089006167,5.593017308550969,4.129417652198579,0.6997184635907779,0.6711287933509842,0.9286880290866971,5.0,0.529,96,5,0.1146,0.2123,0.529,0.9821,1.0,1.0,1.0
2362,11141,1944,893750,10.976385116577148,13.406962951032986,12.5-13.5,R200c,392595,10000,10000,1.0,5.370506513606261,3.6040306404442615,4.2417897968483285,4.787506102823125,5.388869692274681,4.003397468536914,0.8073597066863296,0.5658755826772036,0.5121772232196443,5.0,0.7856,239,5,0.1511,0.336,0.7856,0.9896,0.9955,0.9972,0.9998
5618,21668,1604,834791,10.848577499389648,13.437237525311708,12.5-13.5,R200c,410474,10000,10000,1.0,5.496759965008861,3.8323195933928433,4.532846507798175,5.333521522404238,6.356249696989433,4.333100545143461,0.8827032337460798,0.5619939705321003,0.3227813738638908,5.0,0.6053,189,0,0.1101,0.2467,0.6053,0.9218,0.9958,1.0,1.0
1529,8095,1258,762175,11.078545570373535,13.452669202541903,12.5-13.5,R200c,427471,10000,10000,1.0,5.562252050816343,4.029701804842594,4.7059689638301085,5.236656660850304,5.940777712211769,4.303443583502569,0.9521196356415089,0.6325496529715471,0.15581125142471544,5.0,0.5976,168,1,0.114,0.2647,0.5976,0.9439,0.9932,1.0,1.0
4316,17698,924,673510,10.842662811279297,13.537055745170164,13.5-14.0,R200c,513928,10000,10000,1.0,5.934436844706607,4.802482756952568,5.838283663319938,6.796212742891999,8.191774891296514,5.800955619480614,0.4243204136353805,0.40229691751594626,0.9782797262868381,8.0,0.6983,273,1,0.0716,0.1537,0.4012,0.6983,0.8475,0.9996,1.0
1295,7164,1198,747447,10.919711112976074,13.54973689146475,13.5-14.0,R200c,545125,10000,10000,1.0,5.992479556900921,4.314721698334555,5.052977926455608,5.542621459663159,6.108807416495045,4.505160656060504,0.9434246815232458,0.7606412687075003,0.2609002947863717,8.0,0.9179,133,4,0.092,0.2095,0.5182,0.9179,0.9915,1.0,1.0
133,1234,1140,733689,10.918360710144045,13.561205846770225,13.5-14.0,R200c,539207,10000,10000,1.0,6.045462703896809,4.011657418024855,4.721741129145602,5.24992585876539,5.969930103284922,4.299679728637196,0.8224022395615075,0.7020660652178246,0.6382419412658848,8.0,0.9687,182,1,0.1048,0.2507,0.709,0.9687,0.9969,0.9998,1.0
351,2595,957,683595,11.140411376953123,13.655416183698565,13.5-14.0,R200c,670067,10000,10000,1.0,6.4987973076227705,4.4773460592224925,5.209700514853003,5.815458268189348,6.57631636477964,4.803092620880864,0.8805995312435678,0.7575061671141584,0.5268716123802342,8.0,0.9556,246,3,0.0807,0.206,0.5902,0.9556,0.9952,1.0,1.0
9834,33346,690,596376,10.812094688415527,13.710097085708812,13.5-14.0,R200c,751804,10000,10000,1.0,6.777350700601283,4.548472320733127,5.3320303997258724,6.01816979947521,7.041757693415551,5.275967430208292,0.9158147441476467,0.6787639283124873,0.29907190157002445,8.0,0.9015,271,3,0.0553,0.1657,0.536,0.9015,0.9611,0.9934,0.998
549,3716,520,526288,11.158607482910156,13.77008373918645,13.5-14.0,R200c,865009,10000,10000,1.0,7.096684701116601,5.553942348117181,6.7882941095115115,7.809366553465987,9.404393050995104,6.312910647016574,0.6339671970563793,0.4877531969573105,0.7847895152649605,8.0,0.6929,149,1,0.0538,0.1297,0.3642,0.6929,0.8012,0.9713,1.0
1345,7363,772,624856,11.088354110717772,13.775427024035166,13.5-14.0,R200c,888389,10000,10000,1.0,7.125848837672281,5.524904504728823,6.335079966619445,6.980407336023489,7.637222844650949,5.728599922753898,0.6984000048056793,0.5424210465627574,0.7257755430419959,8.0,0.6952,186,1,0.0601,0.1249,0.2954,0.6952,0.9119,1.0,1.0
1369,7451,498,515300,10.935484886169434,13.777009155600505,13.5-14.0,R200c,887273,10000,10000,1.0,7.134507231779694,5.595881304028642,6.514857733430023,7.285607952533719,8.24392987284502,5.993835199031969,0.7438317085525596,0.567289014095776,0.6586928224667155,8.0,0.5218,188,1,0.0281,0.0628,0.2125,0.5218,0.7504,0.9933,1.0
2158,10449,489,510705,11.002734184265137,13.80062814694668,13.5-14.0,R200c,948765,10000,10000,1.0,7.265022767063121,5.871822594215759,7.178737696083681,8.34096613586106,9.6752419678883,6.571369380780813,0.6133685439307783,0.4387169722715232,0.7724555417264439,8.0,0.5561,184,2,0.0419,0.0812,0.1972,0.5561,0.7276,0.9674,1.0
2760,12533,493,512658,10.946438789367676,13.813408997296108,13.5-14.0,R200c,948133,10000,10000,1.0,7.336640908492356,5.19510321851005,6.095264236038902,6.804757802728775,7.6680009390547355,5.616352076872697,0.7987150749249875,0.6469769737871611,0.6227060193903281,8.0,0.8274,201,3,0.0635,0.1432,0.4168,0.8274,0.9716,1.0,1.0
542,3676,400,466819,11.034072875976562,13.828507273774644,13.5-14.0,R200c,976597,10000,10000,1.0,7.422155038241111,5.120965250574939,5.979738656314445,6.574343493329958,7.217340187137386,5.349043205493274,0.8697809192878102,0.6873448854814408,0.4615257660591733,8.0,0.7123,192,6,0.0542,0.1239,0.3326,0.7123,0.9176,0.9996,1.0
1876,9392,430,482286,11.03582763671875,13.832467406437347,13.5-14.0,R200c,987264,10000,10000,1.0,7.4447491035629625,5.031505761812946,5.984292247992246,6.772174131754489,7.82182779527632,5.771054985437748,0.7850053869289191,0.6167416390343835,0.6193481543949255,8.0,0.5827,286,5,0.0302,0.0648,0.1948,0.5827,0.8451,0.9886,0.9998
1839,9248,611,565245,11.016069412231444,13.833712037761885,13.5-14.0,R200c,996189,10000,10000,1.0,7.451864394819682,5.141591013175924,6.026804117564558,6.761096967320461,7.683808999780675,5.504843585171656,0.7652410455884399,0.6765433698995702,0.7641794129876626,8.0,0.7958,242,4,0.0645,0.1494,0.3736,0.7958,0.9485,1.0,1.0
4723,18944,538,534279,10.85093593597412,13.879134079198533,13.5-14.0,R200c,1107349,10000,10000,1.0,7.716238162230474,5.5790278633728985,6.454936491023551,7.1581475415242615,7.964103766782783,5.884930852663768,0.7170313768855766,0.6131098852993139,0.7785113115509704,8.0,0.6928,276,4,0.0514,0.1209,0.3314,0.6928,0.9213,1.0,1.0
2294,10928,411,472857,11.02588939666748,13.92501962653793,13.5-14.0,R200c,1212184,10000,10000,1.0,7.9928342352254,5.485400447129573,6.415252254617335,7.152573182246513,8.12753183000778,5.827797947076895,0.6741153030789447,0.6018071611606495,0.855353540048003,8.0,0.8133,249,5,0.0397,0.1004,0.3298,0.8133,0.9731,1.0,1.0
982,5784,426,480348,11.110547065734863,13.926903357125804,13.5-14.0,R200c,1206885,10000,10000,1.0,8.00439876618016,5.620865115865092,6.530987417855366,7.297293386780842,8.170125762103051,5.907152048855311,0.787618766123703,0.6568070214542695,0.6676989978677819,8.0,0.6566,164,7,0.0324,0.1019,0.301,0.6566,0.8238,1.0,1.0
3361,14577,178,311727,10.93513298034668,13.961965390494417,13.5-14.0,R200c,1314080,10000,10000,1.0,8.222730581727442,5.749142957080435,6.7230360404100376,7.513942552731092,8.612493567530084,6.483383110346224,0.926654489727894,0.6208734084618079,0.22995562072188797,8.0,0.6504,317,5,0.0411,0.0983,0.3151,0.6504,0.8744,0.9934,0.9999
2736,12454,369,448645,10.994048118591309,13.969884895796945,13.5-14.0,R200c,1341353,10000,10000,1.0,8.272864209806727,5.443572525653311,6.359565324864469,7.02456434812911,7.833088255221857,5.8221381305774065,0.7695663398205803,0.7004331428230215,0.8004965094972359,8.0,0.8295,347,7,0.0446,0.1173,0.3576,0.8295,0.9714,0.9995,1.0
264,2061,319,418698,11.066213607788086,13.980622294147857,13.5-14.0,R200c,1378196,10000,10000,1.0,8.341324729368557,5.916520555822595,7.001973304651131,7.903292016644672,8.912372785477404,6.371819351801697,0.8741462340717788,0.5494527209183316,0.3378710565128139,8.0,0.8085,287,5,0.0363,0.0997,0.3607,0.8085,0.9434,1.0,1.0
3534,15145,345,434871,10.918743133544922,13.98828279934485,13.5-14.0,R200c,1430164,10000,10000,1.0,8.390513305442544,6.665489063542992,7.732080714278841,8.524788606136418,9.335019001248405,6.988668438319697,0.8888291152889202,0.6053141489969132,0.331414983367286,8.0,0.4485,279,3,0.0345,0.0721,0.1672,0.4485,0.6638,0.9896,1.0
2742,12476,268,384682,10.96814250946045,14.00585946404741,14.0-14.5,R200c,1469828,10000,10000,1.0,8.504473234425092,6.565065048160306,8.15995262653849,9.336432333919653,10.427783033648966,7.333777221516278,0.6200506049808786,0.5370607339390779,0.8650461768844327,15.0,0.952,276,4,0.0301,0.0665,0.1966,0.4985,0.6715,0.952,1.0
1007,5909,263,380828,11.122937202453612,14.015381613705411,14.0-14.5,R200c,1492085,10000,10000,1.0,8.566856032021557,6.06674606757209,7.055317798267526,7.87053748089124,8.803073760063082,6.421175897920704,0.8070289712301895,0.7293182792954847,0.7449435546413774,15.0,0.9995,256,4,0.0357,0.0861,0.3151,0.8091,0.9489,0.9995,1.0
3107,13720,274,389202,10.87855625152588,14.02013256951459,14.0-14.5,R200c,1499192,10000,10000,1.0,8.598152041163704,6.5648661481987105,7.774256237339614,8.698349538800445,9.806145493960639,6.996014867953151,0.6359614565737305,0.46918922918716505,0.7636651518116602,15.0,0.9277,182,3,0.0026,0.011,0.0634,0.312,0.5292,0.9277,1.0
630,4106,295,403479,10.89866542816162,14.062548139903948,14.0-14.5,R200c,1653403,10000,10000,1.0,8.882672372672205,6.2086006901538715,7.135531746473362,7.86956321816205,8.774198728338625,6.520196107213339,0.8393674261400027,0.6712495993210205,0.5377674385503216,15.0,0.9973,199,3,0.0385,0.0895,0.2689,0.6488,0.8311,0.9973,1.0
561,3775,252,373072,11.146154403686523,14.0720387209192,14.0-14.5,R200c,1703005,10000,10000,1.0,8.947612569773737,6.41460439333475,7.39506331175944,8.164875610220468,9.252043692477063,6.721280800083091,0.8525548156009407,0.7096741144080971,0.5503038668577164,15.0,1.0,283,2,0.0277,0.0658,0.2366,0.6157,0.8689,1.0,1.0
1150,6497,279,392679,10.903634071350098,14.074991428814956,14.0-14.5,R200c,1720322,10000,10000,1.0,8.9679134234648,6.647678763118375,7.674141733939427,8.481125704393207,9.445536374025703,6.990426227158081,0.8851573935073325,0.5798839776358995,0.32617916512921774,15.0,0.9543,218,1,0.0273,0.0713,0.2076,0.4071,0.5541,0.9543,1.0
507,3507,221,348989,10.988525390625,14.089815338650387,14.0-14.5,R200c,1749776,10000,10000,1.0,9.070530963591125,5.9937325821421545,7.054430385882197,7.8539106415048625,8.953783439949856,6.454319041549012,0.8979692352109676,0.7463621367219716,0.43719170956053477,15.0,0.9998,336,7,0.034,0.0845,0.3123,0.7819,0.9425,0.9998,1.0
3056,13526,235,359588,10.833502769470217,14.094783636522529,14.0-14.5,R200c,1793331,10000,10000,1.0,9.105185738539314,6.83972857688357,8.101386286858299,9.248780481464157,10.66449231628739,7.445099366337164,0.6688908384781935,0.5763886176059916,0.8275004081658791,15.0,0.9047,219,4,0.0176,0.0399,0.1177,0.3104,0.5322,0.9047,0.9983
879,5345,223,350629,11.154056549072266,14.117310563689344,14.0-14.5,R200c,1862896,10000,10000,1.0,9.263983763210177,6.851718145518497,8.058935600692104,8.977587807735866,10.083078330518404,7.247548521449862,0.6710447878861646,0.543248607342042,0.7798464296227338,15.0,0.9918,279,8,0.0338,0.0782,0.2741,0.6271,0.7604,0.9918,1.0
744,4681,185,318336,11.058754920959473,14.135377191784158,14.0-14.5,R200c,1961689,10000,10000,1.0,9.393338968032584,7.483533053208009,8.738093674744627,9.660123447674305,10.651659785803576,7.809965630606592,0.8504307835538174,0.6081206426453964,0.43918151167589314,15.0,0.8946,255,5,0.0218,0.0531,0.1436,0.3904,0.5716,0.8946,1.0
795,4922,175,308891,11.030198097229004,14.172417496531809,14.0-14.5,R200c,2103863,10000,10000,1.0,9.664218998275246,6.4500745467973815,7.539180229142358,8.463331790072987,9.57138650092744,6.8864990768163965,0.8285549109165128,0.7297291939743747,0.6705880407244366,15.0,0.9988,329,9,0.032,0.078,0.253,0.652,0.8513,0.9988,1.0
2726,12412,203,334022,10.93664836883545,14.21819117721292,14.0-14.5,R200c,2386024,10000,10000,1.0,10.009782856591766,7.182417158445781,8.225383873477028,8.92744805598454,9.767459164205643,7.382331740999514,0.9406603225603224,0.922929272525213,0.7770374291606185,15.0,0.9754,245,4,0.0182,0.0453,0.1328,0.3508,0.5533,0.9754,1.0
5260,20615,146,280543,10.86293888092041,14.223991538247155,14.0-14.5,R200c,2366232,10000,10000,1.0,10.054445168706154,7.292932582455467,8.615493754074532,9.614462881689754,10.751175078760047,7.742169655335157,0.8168658812629843,0.69280937563225,0.6398469733973864,15.0,0.9928,295,1,0.023,0.0582,0.2145,0.5717,0.7777,0.9928,1.0
1747,8909,134,266530,10.84783172607422,14.242194654908252,14.0-14.5,R200c,2499368,10000,10000,1.0,10.195905829195576,7.490265364229263,8.748827657956603,9.719755098444562,10.682242977653232,7.875639556561648,0.6918306855051441,0.6570469313407271,0.9174381341614268,15.0,0.919,368,3,0.0184,0.0511,0.1518,0.3785,0.5703,0.919,0.9999
444,3147,80,199580,11.19613552093506,14.286966159246084,14.0-14.5,R200c,2723436,10000,10000,1.0,10.552361248579906,6.943318435846434,8.108981942259438,9.076405643044797,10.341507243132009,7.51840484706809,0.7650511317304536,0.7150145907427244,0.848477252917212,15.0,0.9565,414,13,0.0203,0.0518,0.1709,0.431,0.6434,0.9565,0.9999
872,5309,37,124333,11.183114051818848,14.2959339012316,14.0-14.5,R200c,2790641,10000,10000,1.0,10.625243649321359,7.929972871732607,9.338354380536211,10.469249881693766,11.87927697849693,8.59805848696052,0.660378219532216,0.474647024534051,0.7278858670483396,15.0,0.4871,324,7,0.0,0.0,0.0002,0.0179,0.0912,0.4871,0.8807
1707,8767,92,216757,10.889151573181152,14.31673545029975,14.0-14.5,R200c,2954887,10000,10000,1.0,10.796245396133049,8.14074349720375,9.397981269014416,10.418161290513742,11.737317580672656,8.589294071756713,0.724775888952052,0.5664319203248892,0.6989567844192522,15.0,0.968,381,5,0.0194,0.0473,0.1583,0.4237,0.606,0.968,1.0
2226,10693,40,130741,10.999897003173828,14.371193678484511,14.0-14.5,R200c,3343236,10000,10000,1.0,11.257073200125413,8.251257439447102,9.79545557182052,10.974505836210938,13.05351830801908,9.246273487957648,0.8752921367869978,0.6715064287433485,0.4259198144630529,15.0,0.713,299,2,0.0162,0.0306,0.0858,0.2344,0.3928,0.713,0.9026
354,2612,79,198208,11.06967067718506,14.404651499917891,14.0-14.5,R200c,3604644,10000,10000,1.0,11.54989662766584,7.5901600198692325,8.795524405865853,9.706021135609943,10.733008318261863,7.928858167949327,0.8935282340569581,0.7591341941980158,0.4758084183965547,15.0,0.9958,593,13,0.0186,0.0503,0.187,0.537,0.8058,0.9958,1.0
277,2137,67,180645,11.186795234680176,14.445368866896445,14.0-14.5,R200c,3897389,10000,10000,1.0,11.916550367087456,7.9534077446968325,9.150135655478696,10.22420616466473,11.478383066013535,8.337113301398203,0.93399361078028,0.738042451395788,0.28038173156471785,15.0,0.9809,479,11,0.0161,0.046,0.1643,0.4732,0.6891,0.9809,1.0
1946,9644,44,138686,11.10620403289795,14.521799749075257,>14.5,R200c,4699514,10000,10000,1.0,12.636520715804044,8.642751288246956,9.90636949871136,10.95035176879126,12.70044691558278,9.491783013001953,0.8991893573672661,0.7289305273895018,0.4085229860921804,20.0,0.9367,416,6,0.0128,0.0315,0.1053,0.3111,0.4707,0.8239,0.9367
448,3162,39,128624,11.199921607971191,14.523919963740935,>14.5,R200c,4754974,10000,10000,1.0,12.65710118155361,9.490414756290498,11.032707801636752,12.101219023574808,13.370169441026466,9.855463776436356,0.8230406727715307,0.7144989573796917,0.6590599068279446,20.0,0.9983,328,12,0.0113,0.0314,0.1115,0.2989,0.4404,0.8051,0.9983
433,3076,22,89315,11.125869750976562,14.556736056763258,>14.5,R200c,5105969,10000,10000,1.0,12.979947909050795,9.848917507242417,11.893486859904698,13.338929266857306,14.963560436010722,10.573479493600702,0.735416901096899,0.5223979690962045,0.6314973910770604,20.0,0.7049,194,2,0.0072,0.0168,0.0574,0.137,0.2182,0.4443,0.7049
509,3516,35,120494,11.173197746276855,14.581184876358591,>14.5,R200c,5385281,10000,10000,1.0,13.22581842624129,8.913503779434826,10.26596498545695,11.307778321273542,12.529252574516656,9.285401917101956,0.9412070288765497,0.7647047422805183,0.274860312633138,20.0,0.9734,459,17,0.0109,0.0251,0.0866,0.2423,0.3936,0.7784,0.9734
788,4886,21,86933,11.165194511413574,14.582229421392803,>14.5,R200c,5339065,10000,10000,1.0,13.236426053760173,8.897125754428588,10.24269024837108,11.329927485856047,12.796797615177034,9.296681497128846,0.8370688621291507,0.7616100317724686,0.712741055766372,20.0,0.9985,575,24,0.0137,0.0373,0.1374,0.3878,0.6338,0.9777,0.9985
1753,8927,31,111938,11.094999313354492,14.591262085651834,>14.5,R200c,5576202,10000,10000,1.0,13.32851072745524,10.384574961912005,11.923936574033219,12.976976011212498,14.158823368325132,10.691387201962044,0.790981911394828,0.7215168000987199,0.7808449495965062,20.0,0.9174,238,6,0.0102,0.026,0.0723,0.1563,0.2273,0.5841,0.9174
246,1965,8,47315,11.136171340942385,14.600157544846471,>14.5,R200c,5640962,10000,10000,1.0,13.41982272672173,10.155281737905916,12.059370320840857,13.340672856915422,14.776438768914964,10.900661408180687,0.777774835515858,0.7271949728660072,0.8384482380914126,20.0,0.9766,510,16,0.0143,0.035,0.1057,0.2983,0.465,0.8185,0.9766
773,4811,17,75826,11.188310623168944,14.619783360778436,>14.5,R200c,5925395,10000,10000,1.0,13.623500674067836,9.785655921274973,11.373669904878076,12.589122812741401,14.06128941545195,10.272112742501047,0.9588108259623367,0.8371583775368526,0.26968920339451896,20.0,0.9898,517,9,0.0102,0.0319,0.1005,0.2956,0.469,0.8534,0.9898
497,3432,27,102598,11.085609436035156,14.659064345851233,>14.5,R200c,6472535,10000,10000,1.0,14.040493709113859,9.808630377006953,11.22235626762529,12.32624722055028,13.663709659259196,10.221060566015602,0.882804725550788,0.7995076089223107,0.6115948185966463,20.0,0.9947,593,10,0.0096,0.0236,0.084,0.2787,0.4698,0.8961,0.9947
1890,9442,28,104399,11.052536964416504,14.673038856476026,>14.5,R200c,6686867,10000,10000,1.0,14.191900232877922,10.568215296912731,12.085262655739694,13.153337165686745,14.323728136900481,10.773757738393822,0.8406832222482,0.7065921307011944,0.5856512458463873,20.0,0.9922,382,8,0.0095,0.0269,0.0877,0.2642,0.4318,0.864,0.9922
1101,6294,15,70151,11.14697551727295,14.696632409598273,>14.5,R200c,6953882,10000,10000,1.0,14.45123845284423,10.090485792224408,11.80426862973871,13.119600995881108,14.697630641763283,10.621954531275353,0.8329450224175966,0.743580276964854,0.684881578242295,20.0,0.7918,292,7,0.0074,0.0133,0.0408,0.1256,0.2155,0.5034,0.7918
990,5826,11,58092,11.19089126586914,14.738254761430827,>14.5,R200c,7672750,10000,10000,1.0,14.920355962788136,10.838641218840998,12.45032944519495,13.794534611028801,15.51808555823885,11.516225959406581,0.8779824316611016,0.6729597236284716,0.41881976072326477,20.0,0.3581,203,7,0.0011,0.0021,0.0097,0.0392,0.0807,0.1925,0.3581
573,3825,7,42633,11.03571891784668,14.764341056124303,>14.5,R200c,8248173,10000,10000,1.0,15.222101589517537,11.04067031324308,13.129409746399633,15.058202102121875,17.44540924884036,12.249411525875347,0.8462177968889121,0.60186785819875,0.4451794247790587,20.0,0.6246,343,6,0.0,0.0,0.0013,0.0279,0.0782,0.3,0.6246
1932,9598,9,51544,11.009254455566406,14.807001397240343,>14.5,R200c,9059116,10000,10000,1.0,15.728768836744285,10.572778113930347,12.392753077842196,14.13802942435563,16.27774195192526,11.49060023190534,0.8430072397990892,0.6762801749993889,0.5332007611754555,20.0,0.9607,615,11,0.0063,0.0164,0.0523,0.191,0.3396,0.7208,0.9607
1132,6405,12,61684,11.091867446899414,14.816361664125669,>14.5,R200c,9343529,10000,10000,1.0,15.842175448159184,11.748849400263186,13.502415333426022,14.875000457326891,16.333244697849747,12.12563188831067,0.680193439180075,0.5698635751659887,0.7957534307552517,20.0,0.9248,494,8,0.0064,0.0159,0.0535,0.1807,0.3207,0.7145,0.9248
600,3944,5,33214,11.146267890930176,14.865416339917514,>14.5,R200c,10370763,10000,10000,1.0,16.450017991655045,11.827180889328446,13.748628140474311,15.173783580776801,17.26428651600081,12.60867082877437,0.7774645675611388,0.7180956530131053,0.8166782889812615,20.0,0.5499,570,23,0.0018,0.0063,0.0295,0.0943,0.1474,0.3062,0.5499
785,4878,4,27887,11.15309238433838,14.925219083166256,>14.5,R200c,11873294,10000,10000,1.0,17.222675741894722,12.653223615599966,14.659384836526682,16.067376714278385,17.639400928172705,13.030036830548912,0.9291388474981673,0.86157231709277,0.5304797822182508,20.0,0.2909,231,5,0.0,0.0001,0.0041,0.0272,0.0511,0.1292,0.2909
1043,6077,3,22740,11.14243984222412,14.95408334611498,>14.5,R200c,12561632,10000,10000,1.0,17.60848720145595,13.429878349186765,15.753037092949146,17.411660238444192,19.167670547375685,14.132615239184746,0.8112269081059641,0.665040351784462,0.613049716530107,20.0,0.4132,281,1,0.0039,0.0109,0.0317,0.0839,0.1176,0.2301,0.4132
241,1920,2,17908,11.19204807281494,15.014232469282954,>14.5,R200c,14442273,10000,10000,1.0,18.44046014197347,12.906000496840555,14.85963525988796,16.399429073190262,18.025780895000537,13.322644347034673,0.9377271437322033,0.846966296340289,0.4269188682128117,20.0,0.9061,721,26,0.0049,0.0135,0.0521,0.1455,0.2535,0.6172,0.9061
902,5447,0,0,11.192373275756836,15.186331828797393,>14.5,R200c,21870192,10000,10000,1.0,21.04448038378224,15.11888584755047,17.818279190156666,20.293195029714745,23.130346546245903,16.635557924836398,0.863549802131964,0.7429310866418193,0.567525520291552,20.0,0.4671,756,16,0.0027,0.007,0.0227,0.0671,0.1127,0.2774,0.4671
