bin_lo,bin_hi,count,PDF_dex^-1,Comparison,Sample,Fate,N_fate,N_host_known
9.200000000000001,9.4,2,0.0013109596224436333,fig7_fiducial,Galaxy fiducial,central,7628,7628
9.4,9.6,1,0.0006554798112218167,fig7_fiducial,Galaxy fiducial,central,7628,7628
9.6,9.799999999999999,2,0.0013109596224436333,fig7_fiducial,Galaxy fiducial,central,7628,7628
9.799999999999999,9.999999999999998,5,0.0032773990561090834,fig7_fiducial,Galaxy fiducial,central,7628,7628
9.999999999999998,10.199999999999998,9,0.00589931830099635,fig7_fiducial,Galaxy fiducial,central,7628,7628
10.199999999999998,10.399999999999997,14,0.009176717357105433,fig7_fiducial,Galaxy fiducial,central,7628,7628
10.399999999999997,10.599999999999996,18,0.0117986366019927,fig7_fiducial,Galaxy fiducial,central,7628,7628
10.599999999999996,10.799999999999995,44,0.028841111693759934,fig7_fiducial,Galaxy fiducial,central,7628,7628
10.799999999999995,10.999999999999995,113,0.07406921866806528,fig7_fiducial,Galaxy fiducial,central,7628,7628
10.999999999999995,11.199999999999994,198,0.1297850026219197,fig7_fiducial,Galaxy fiducial,central,7628,7628
11.199999999999994,11.399999999999993,284,0.18615626638699592,fig7_fiducial,Galaxy fiducial,central,7628,7628
11.399999999999993,11.599999999999993,487,0.3192186680650247,fig7_fiducial,Galaxy fiducial,central,7628,7628
11.599999999999993,11.799999999999992,643,0.4214735186156281,fig7_fiducial,Galaxy fiducial,central,7628,7628
11.799999999999992,11.999999999999991,793,0.5197954902989006,fig7_fiducial,Galaxy fiducial,central,7628,7628
11.999999999999991,12.19999999999999,905,0.593209229155744,fig7_fiducial,Galaxy fiducial,central,7628,7628
12.19999999999999,12.39999999999999,856,0.5610907184058751,fig7_fiducial,Galaxy fiducial,central,7628,7628
12.39999999999999,12.599999999999989,778,0.5099632931305733,fig7_fiducial,Galaxy fiducial,central,7628,7628
12.599999999999989,12.799999999999988,623,0.4083639223911918,fig7_fiducial,Galaxy fiducial,central,7628,7628
12.799999999999988,12.999999999999988,495,0.32446250655479925,fig7_fiducial,Galaxy fiducial,central,7628,7628
12.999999999999988,13.199999999999987,406,0.26612480335605754,fig7_fiducial,Galaxy fiducial,central,7628,7628
13.199999999999987,13.399999999999986,289,0.18943366544310503,fig7_fiducial,Galaxy fiducial,central,7628,7628
13.399999999999986,13.599999999999985,216,0.1415836392239124,fig7_fiducial,Galaxy fiducial,central,7628,7628
13.599999999999985,13.799999999999985,165,0.10815416885159974,fig7_fiducial,Galaxy fiducial,central,7628,7628
13.799999999999985,13.999999999999984,117,0.07669113791295255,fig7_fiducial,Galaxy fiducial,central,7628,7628
13.999999999999984,14.199999999999983,73,0.04785002621919261,fig7_fiducial,Galaxy fiducial,central,7628,7628
14.199999999999983,14.399999999999983,52,0.03408495018353447,fig7_fiducial,Galaxy fiducial,central,7628,7628
14.399999999999983,14.599999999999982,24,0.0157315154693236,fig7_fiducial,Galaxy fiducial,central,7628,7628
14.599999999999982,14.799999999999981,9,0.00589931830099635,fig7_fiducial,Galaxy fiducial,central,7628,7628
14.799999999999981,14.99999999999998,4,0.0026219192448872666,fig7_fiducial,Galaxy fiducial,central,7628,7628
14.99999999999998,15.19999999999998,3,0.00196643943366545,fig7_fiducial,Galaxy fiducial,central,7628,7628
15.19999999999998,15.399999999999979,0,0.0,fig7_fiducial,Galaxy fiducial,central,7628,7628
15.399999999999979,15.599999999999978,0,0.0,fig7_fiducial,Galaxy fiducial,central,7628,7628
9.200000000000001,9.4,0,0.0,fig7_fiducial,Galaxy fiducial,satellite,6782,6782
9.4,9.6,0,0.0,fig7_fiducial,Galaxy fiducial,satellite,6782,6782
9.6,9.799999999999999,0,0.0,fig7_fiducial,Galaxy fiducial,satellite,6782,6782
9.799999999999999,9.999999999999998,0,0.0,fig7_fiducial,Galaxy fiducial,satellite,6782,6782
9.999999999999998,10.199999999999998,0,0.0,fig7_fiducial,Galaxy fiducial,satellite,6782,6782
10.199999999999998,10.399999999999997,0,0.0,fig7_fiducial,Galaxy fiducial,satellite,6782,6782
10.399999999999997,10.599999999999996,0,0.0,fig7_fiducial,Galaxy fiducial,satellite,6782,6782
10.599999999999996,10.799999999999995,0,0.0,fig7_fiducial,Galaxy fiducial,satellite,6782,6782
10.799999999999995,10.999999999999995,0,0.0,fig7_fiducial,Galaxy fiducial,satellite,6782,6782
10.999999999999995,11.199999999999994,3,0.0022117369507519986,fig7_fiducial,Galaxy fiducial,satellite,6782,6782
11.199999999999994,11.399999999999993,5,0.003686228251253331,fig7_fiducial,Galaxy fiducial,satellite,6782,6782
11.399999999999993,11.599999999999993,20,0.014744913005013323,fig7_fiducial,Galaxy fiducial,satellite,6782,6782
11.599999999999993,11.799999999999992,34,0.02506635210852265,fig7_fiducial,Galaxy fiducial,satellite,6782,6782
11.799999999999992,11.999999999999991,70,0.05160719551754663,fig7_fiducial,Galaxy fiducial,satellite,6782,6782
11.999999999999991,12.19999999999999,89,0.06561486287230929,fig7_fiducial,Galaxy fiducial,satellite,6782,6782
12.19999999999999,12.39999999999999,147,0.10837511058684793,fig7_fiducial,Galaxy fiducial,satellite,6782,6782
12.39999999999999,12.599999999999989,236,0.17398997345915723,fig7_fiducial,Galaxy fiducial,satellite,6782,6782
12.599999999999989,12.799999999999988,300,0.22117369507519985,fig7_fiducial,Galaxy fiducial,satellite,6782,6782
12.799999999999988,12.999999999999988,379,0.2794161014450025,fig7_fiducial,Galaxy fiducial,satellite,6782,6782
12.999999999999988,13.199999999999987,461,0.3398702447655571,fig7_fiducial,Galaxy fiducial,satellite,6782,6782
13.199999999999987,13.399999999999986,531,0.3914774402831038,fig7_fiducial,Galaxy fiducial,satellite,6782,6782
13.399999999999986,13.599999999999985,570,0.42023002064287973,fig7_fiducial,Galaxy fiducial,satellite,6782,6782
13.599999999999985,13.799999999999985,630,0.4644647596579197,fig7_fiducial,Galaxy fiducial,satellite,6782,6782
13.799999999999985,13.999999999999984,736,0.5426127985844903,fig7_fiducial,Galaxy fiducial,satellite,6782,6782
13.999999999999984,14.199999999999983,669,0.4932173400176957,fig7_fiducial,Galaxy fiducial,satellite,6782,6782
14.199999999999983,14.399999999999983,639,0.4710999705101757,fig7_fiducial,Galaxy fiducial,satellite,6782,6782
14.399999999999983,14.599999999999982,524,0.3863167207313491,fig7_fiducial,Galaxy fiducial,satellite,6782,6782
14.599999999999982,14.799999999999981,318,0.23444411677971186,fig7_fiducial,Galaxy fiducial,satellite,6782,6782
14.799999999999981,14.99999999999998,200,0.14744913005013324,fig7_fiducial,Galaxy fiducial,satellite,6782,6782
14.99999999999998,15.19999999999998,221,0.16293128870539722,fig7_fiducial,Galaxy fiducial,satellite,6782,6782
15.19999999999998,15.399999999999979,0,0.0,fig7_fiducial,Galaxy fiducial,satellite,6782,6782
15.399999999999979,15.599999999999978,0,0.0,fig7_fiducial,Galaxy fiducial,satellite,6782,6782
9.200000000000001,9.4,0,0.0,fig7_fiducial,Galaxy fiducial,merged/disrupted,42795,42781
9.4,9.6,0,0.0,fig7_fiducial,Galaxy fiducial,merged/disrupted,42795,42781
9.6,9.799999999999999,0,0.0,fig7_fiducial,Galaxy fiducial,merged/disrupted,42795,42781
9.799999999999999,9.999999999999998,0,0.0,fig7_fiducial,Galaxy fiducial,merged/disrupted,42795,42781
9.999999999999998,10.199999999999998,1,0.0001168743133634094,fig7_fiducial,Galaxy fiducial,merged/disrupted,42795,42781
10.199999999999998,10.399999999999997,1,0.0001168743133634094,fig7_fiducial,Galaxy fiducial,merged/disrupted,42795,42781
10.399999999999997,10.599999999999996,1,0.0001168743133634094,fig7_fiducial,Galaxy fiducial,merged/disrupted,42795,42781
10.599999999999996,10.799999999999995,4,0.0004674972534536376,fig7_fiducial,Galaxy fiducial,merged/disrupted,42795,42781
10.799999999999995,10.999999999999995,4,0.0004674972534536376,fig7_fiducial,Galaxy fiducial,merged/disrupted,42795,42781
10.999999999999995,11.199999999999994,20,0.002337486267268188,fig7_fiducial,Galaxy fiducial,merged/disrupted,42795,42781
11.199999999999994,11.399999999999993,51,0.00596058998153388,fig7_fiducial,Galaxy fiducial,merged/disrupted,42795,42781
11.399999999999993,11.599999999999993,127,0.014843037797152995,fig7_fiducial,Galaxy fiducial,merged/disrupted,42795,42781
11.599999999999993,11.799999999999992,294,0.034361048128842366,fig7_fiducial,Galaxy fiducial,merged/disrupted,42795,42781
11.799999999999992,11.999999999999991,550,0.06428087234987517,fig7_fiducial,Galaxy fiducial,merged/disrupted,42795,42781
11.999999999999991,12.19999999999999,979,0.1144199527827778,fig7_fiducial,Galaxy fiducial,merged/disrupted,42795,42781
12.19999999999999,12.39999999999999,1528,0.17858395081928957,fig7_fiducial,Galaxy fiducial,merged/disrupted,42795,42781
12.39999999999999,12.599999999999989,2087,0.2439166919894354,fig7_fiducial,Galaxy fiducial,merged/disrupted,42795,42781
12.599999999999989,12.799999999999988,2539,0.29674388162969645,fig7_fiducial,Galaxy fiducial,merged/disrupted,42795,42781
12.799999999999988,12.999999999999988,2852,0.3333255417124436,fig7_fiducial,Galaxy fiducial,merged/disrupted,42795,42781
12.999999999999988,13.199999999999987,3252,0.38007526705780736,fig7_fiducial,Galaxy fiducial,merged/disrupted,42795,42781
13.199999999999987,13.399999999999986,3592,0.41981253360136656,fig7_fiducial,Galaxy fiducial,merged/disrupted,42795,42781
13.399999999999986,13.599999999999985,3523,0.41174820597929135,fig7_fiducial,Galaxy fiducial,merged/disrupted,42795,42781
13.599999999999985,13.799999999999985,3876,0.45300483859657487,fig7_fiducial,Galaxy fiducial,merged/disrupted,42795,42781
13.799999999999985,13.999999999999984,4270,0.4990533180617581,fig7_fiducial,Galaxy fiducial,merged/disrupted,42795,42781
13.999999999999984,14.199999999999983,3778,0.4415511558869607,fig7_fiducial,Galaxy fiducial,merged/disrupted,42795,42781
14.199999999999983,14.399999999999983,3404,0.3978401626890456,fig7_fiducial,Galaxy fiducial,merged/disrupted,42795,42781
14.399999999999983,14.599999999999982,2596,0.3034057174914108,fig7_fiducial,Galaxy fiducial,merged/disrupted,42795,42781
14.599999999999982,14.799999999999981,1436,0.1678315139898559,fig7_fiducial,Galaxy fiducial,merged/disrupted,42795,42781
14.799999999999981,14.99999999999998,988,0.11547182160304849,fig7_fiducial,Galaxy fiducial,merged/disrupted,42795,42781
14.99999999999998,15.19999999999998,1028,0.12014679413758486,fig7_fiducial,Galaxy fiducial,merged/disrupted,42795,42781
15.19999999999998,15.399999999999979,0,0.0,fig7_fiducial,Galaxy fiducial,merged/disrupted,42795,42781
15.399999999999979,15.599999999999978,0,0.0,fig7_fiducial,Galaxy fiducial,merged/disrupted,42795,42781
9.200000000000001,9.4,0,0.0,fig7_conservative,Galaxy conservative,central,1,1
9.4,9.6,0,0.0,fig7_conservative,Galaxy conservative,central,1,1
9.6,9.799999999999999,0,0.0,fig7_conservative,Galaxy conservative,central,1,1
9.799999999999999,9.999999999999998,0,0.0,fig7_conservative,Galaxy conservative,central,1,1
9.999999999999998,10.199999999999998,0,0.0,fig7_conservative,Galaxy conservative,central,1,1
10.199999999999998,10.399999999999997,0,0.0,fig7_conservative,Galaxy conservative,central,1,1
10.399999999999997,10.599999999999996,0,0.0,fig7_conservative,Galaxy conservative,central,1,1
10.599999999999996,10.799999999999995,0,0.0,fig7_conservative,Galaxy conservative,central,1,1
10.799999999999995,10.999999999999995,0,0.0,fig7_conservative,Galaxy conservative,central,1,1
10.999999999999995,11.199999999999994,0,0.0,fig7_conservative,Galaxy conservative,central,1,1
11.199999999999994,11.399999999999993,0,0.0,fig7_conservative,Galaxy conservative,central,1,1
11.399999999999993,11.599999999999993,0,0.0,fig7_conservative,Galaxy conservative,central,1,1
11.599999999999993,11.799999999999992,0,0.0,fig7_conservative,Galaxy conservative,central,1,1
11.799999999999992,11.999999999999991,0,0.0,fig7_conservative,Galaxy conservative,central,1,1
11.999999999999991,12.19999999999999,0,0.0,fig7_conservative,Galaxy conservative,central,1,1
12.19999999999999,12.39999999999999,0,0.0,fig7_conservative,Galaxy conservative,central,1,1
12.39999999999999,12.599999999999989,0,0.0,fig7_conservative,Galaxy conservative,central,1,1
12.599999999999989,12.799999999999988,0,0.0,fig7_conservative,Galaxy conservative,central,1,1
12.799999999999988,12.999999999999988,0,0.0,fig7_conservative,Galaxy conservative,central,1,1
12.999999999999988,13.199999999999987,0,0.0,fig7_conservative,Galaxy conservative,central,1,1
13.199999999999987,13.399999999999986,0,0.0,fig7_conservative,Galaxy conservative,central,1,1
13.399999999999986,13.599999999999985,0,0.0,fig7_conservative,Galaxy conservative,central,1,1
13.599999999999985,13.799999999999985,0,0.0,fig7_conservative,Galaxy conservative,central,1,1
13.799999999999985,13.999999999999984,0,0.0,fig7_conservative,Galaxy conservative,central,1,1
13.999999999999984,14.199999999999983,0,0.0,fig7_conservative,Galaxy conservative,central,1,1
14.199999999999983,14.399999999999983,0,0.0,fig7_conservative,Galaxy conservative,central,1,1
14.399999999999983,14.599999999999982,0,0.0,fig7_conservative,Galaxy conservative,central,1,1
14.599999999999982,14.799999999999981,0,0.0,fig7_conservative,Galaxy conservative,central,1,1
14.799999999999981,14.99999999999998,1,5.000000000000018,fig7_conservative,Galaxy conservative,central,1,1
14.99999999999998,15.19999999999998,0,0.0,fig7_conservative,Galaxy conservative,central,1,1
15.19999999999998,15.399999999999979,0,0.0,fig7_conservative,Galaxy conservative,central,1,1
15.399999999999979,15.599999999999978,0,0.0,fig7_conservative,Galaxy conservative,central,1,1
9.200000000000001,9.4,0,0.0,fig7_conservative,Galaxy conservative,satellite,2,2
9.4,9.6,0,0.0,fig7_conservative,Galaxy conservative,satellite,2,2
9.6,9.799999999999999,0,0.0,fig7_conservative,Galaxy conservative,satellite,2,2
9.799999999999999,9.999999999999998,0,0.0,fig7_conservative,Galaxy conservative,satellite,2,2
9.999999999999998,10.199999999999998,0,0.0,fig7_conservative,Galaxy conservative,satellite,2,2
10.199999999999998,10.399999999999997,0,0.0,fig7_conservative,Galaxy conservative,satellite,2,2
10.399999999999997,10.599999999999996,0,0.0,fig7_conservative,Galaxy conservative,satellite,2,2
10.599999999999996,10.799999999999995,0,0.0,fig7_conservative,Galaxy conservative,satellite,2,2
10.799999999999995,10.999999999999995,0,0.0,fig7_conservative,Galaxy conservative,satellite,2,2
10.999999999999995,11.199999999999994,0,0.0,fig7_conservative,Galaxy conservative,satellite,2,2
11.199999999999994,11.399999999999993,0,0.0,fig7_conservative,Galaxy conservative,satellite,2,2
11.399999999999993,11.599999999999993,0,0.0,fig7_conservative,Galaxy conservative,satellite,2,2
11.599999999999993,11.799999999999992,0,0.0,fig7_conservative,Galaxy conservative,satellite,2,2
11.799999999999992,11.999999999999991,0,0.0,fig7_conservative,Galaxy conservative,satellite,2,2
11.999999999999991,12.19999999999999,0,0.0,fig7_conservative,Galaxy conservative,satellite,2,2
12.19999999999999,12.39999999999999,0,0.0,fig7_conservative,Galaxy conservative,satellite,2,2
12.39999999999999,12.599999999999989,0,0.0,fig7_conservative,Galaxy conservative,satellite,2,2
12.599999999999989,12.799999999999988,0,0.0,fig7_conservative,Galaxy conservative,satellite,2,2
12.799999999999988,12.999999999999988,0,0.0,fig7_conservative,Galaxy conservative,satellite,2,2
12.999999999999988,13.199999999999987,0,0.0,fig7_conservative,Galaxy conservative,satellite,2,2
13.199999999999987,13.399999999999986,0,0.0,fig7_conservative,Galaxy conservative,satellite,2,2
13.399999999999986,13.599999999999985,0,0.0,fig7_conservative,Galaxy conservative,satellite,2,2
13.599999999999985,13.799999999999985,0,0.0,fig7_conservative,Galaxy conservative,satellite,2,2
13.799999999999985,13.999999999999984,1,2.500000000000009,fig7_conservative,Galaxy conservative,satellite,2,2
13.999999999999984,14.199999999999983,1,2.500000000000009,fig7_conservative,Galaxy conservative,satellite,2,2
14.199999999999983,14.399999999999983,0,0.0,fig7_conservative,Galaxy conservative,satellite,2,2
14.399999999999983,14.599999999999982,0,0.0,fig7_conservative,Galaxy conservative,satellite,2,2
14.599999999999982,14.799999999999981,0,0.0,fig7_conservative,Galaxy conservative,satellite,2,2
14.799999999999981,14.99999999999998,0,0.0,fig7_conservative,Galaxy conservative,satellite,2,2
14.99999999999998,15.19999999999998,0,0.0,fig7_conservative,Galaxy conservative,satellite,2,2
15.19999999999998,15.399999999999979,0,0.0,fig7_conservative,Galaxy conservative,satellite,2,2
15.399999999999979,15.599999999999978,0,0.0,fig7_conservative,Galaxy conservative,satellite,2,2
9.200000000000001,9.4,0,,fig7_conservative,Galaxy conservative,merged/disrupted,0,0
9.4,9.6,0,,fig7_conservative,Galaxy conservative,merged/disrupted,0,0
9.6,9.799999999999999,0,,fig7_conservative,Galaxy conservative,merged/disrupted,0,0
9.799999999999999,9.999999999999998,0,,fig7_conservative,Galaxy conservative,merged/disrupted,0,0
9.999999999999998,10.199999999999998,0,,fig7_conservative,Galaxy conservative,merged/disrupted,0,0
10.199999999999998,10.399999999999997,0,,fig7_conservative,Galaxy conservative,merged/disrupted,0,0
10.399999999999997,10.599999999999996,0,,fig7_conservative,Galaxy conservative,merged/disrupted,0,0
10.599999999999996,10.799999999999995,0,,fig7_conservative,Galaxy conservative,merged/disrupted,0,0
10.799999999999995,10.999999999999995,0,,fig7_conservative,Galaxy conservative,merged/disrupted,0,0
10.999999999999995,11.199999999999994,0,,fig7_conservative,Galaxy conservative,merged/disrupted,0,0
11.199999999999994,11.399999999999993,0,,fig7_conservative,Galaxy conservative,merged/disrupted,0,0
11.399999999999993,11.599999999999993,0,,fig7_conservative,Galaxy conservative,merged/disrupted,0,0
11.599999999999993,11.799999999999992,0,,fig7_conservative,Galaxy conservative,merged/disrupted,0,0
11.799999999999992,11.999999999999991,0,,fig7_conservative,Galaxy conservative,merged/disrupted,0,0
11.999999999999991,12.19999999999999,0,,fig7_conservative,Galaxy conservative,merged/disrupted,0,0
12.19999999999999,12.39999999999999,0,,fig7_conservative,Galaxy conservative,merged/disrupted,0,0
12.39999999999999,12.599999999999989,0,,fig7_conservative,Galaxy conservative,merged/disrupted,0,0
12.599999999999989,12.799999999999988,0,,fig7_conservative,Galaxy conservative,merged/disrupted,0,0
12.799999999999988,12.999999999999988,0,,fig7_conservative,Galaxy conservative,merged/disrupted,0,0
12.999999999999988,13.199999999999987,0,,fig7_conservative,Galaxy conservative,merged/disrupted,0,0
13.199999999999987,13.399999999999986,0,,fig7_conservative,Galaxy conservative,merged/disrupted,0,0
13.399999999999986,13.599999999999985,0,,fig7_conservative,Galaxy conservative,merged/disrupted,0,0
13.599999999999985,13.799999999999985,0,,fig7_conservative,Galaxy conservative,merged/disrupted,0,0
13.799999999999985,13.999999999999984,0,,fig7_conservative,Galaxy conservative,merged/disrupted,0,0
13.999999999999984,14.199999999999983,0,,fig7_conservative,Galaxy conservative,merged/disrupted,0,0
14.199999999999983,14.399999999999983,0,,fig7_conservative,Galaxy conservative,merged/disrupted,0,0
14.399999999999983,14.599999999999982,0,,fig7_conservative,Galaxy conservative,merged/disrupted,0,0
14.599999999999982,14.799999999999981,0,,fig7_conservative,Galaxy conservative,merged/disrupted,0,0
14.799999999999981,14.99999999999998,0,,fig7_conservative,Galaxy conservative,merged/disrupted,0,0
14.99999999999998,15.19999999999998,0,,fig7_conservative,Galaxy conservative,merged/disrupted,0,0
15.19999999999998,15.399999999999979,0,,fig7_conservative,Galaxy conservative,merged/disrupted,0,0
15.399999999999979,15.599999999999978,0,,fig7_conservative,Galaxy conservative,merged/disrupted,0,0
