bin_lo,bin_hi,x,N,p16,median,p84,plot,Comparison,Sample
6.8,7.0,6.97776042732818,1030,9.269253525460178,10.367418143332214,10.862206237639702,True,fig7_fiducial,Galaxy fiducial
7.0,7.2,7.108554132410663,5779,9.194296821963533,10.304568699259361,10.845392905037956,True,fig7_fiducial,Galaxy fiducial
7.2,7.4,7.266533715531036,3772,9.40489026964027,10.39783008711959,10.92033431260785,True,fig7_fiducial,Galaxy fiducial
7.4,7.6000000000000005,7.480848448375918,2152,9.916268577293451,10.584624405207663,11.120014262445991,True,fig7_fiducial,Galaxy fiducial
7.6000000000000005,7.800000000000001,7.680079028757722,980,10.269004002740001,10.742993155843081,11.351073312937835,True,fig7_fiducial,Galaxy fiducial
7.800000000000001,8.0,7.88016216510995,367,10.475115977505196,10.9455771769247,11.603876643843616,True,fig7_fiducial,Galaxy fiducial
8.0,8.200000000000001,8.079471286841992,177,10.641257950802391,11.28733874545336,11.728497432022714,True,fig7_fiducial,Galaxy fiducial
8.200000000000001,8.400000000000002,8.283659518581986,73,10.963084870970373,11.540692741004404,11.931646174196656,True,fig7_fiducial,Galaxy fiducial
8.400000000000002,8.600000000000001,8.496868565929756,23,11.041186871787856,11.535220457289778,12.13165440070628,True,fig7_fiducial,Galaxy fiducial
8.600000000000001,8.8,8.675176729670538,11,11.352329112817387,11.890439696250185,12.251665537815107,True,fig7_fiducial,Galaxy fiducial
8.8,9.000000000000002,8.937553113236023,2,11.125670330763622,11.387076544213159,11.648482757662697,False,fig7_fiducial,Galaxy fiducial
9.000000000000002,9.200000000000003,9.011329619298941,2,11.979487001704207,12.163543272602467,12.347599543500726,False,fig7_fiducial,Galaxy fiducial
9.200000000000003,9.400000000000002,9.288924678727536,1,11.939867804497297,11.939867804497297,11.939867804497297,False,fig7_fiducial,Galaxy fiducial
9.400000000000002,9.600000000000001,,0,,,,False,fig7_fiducial,Galaxy fiducial
9.600000000000001,9.800000000000002,,0,,,,False,fig7_fiducial,Galaxy fiducial
9.800000000000002,10.000000000000004,,0,,,,False,fig7_fiducial,Galaxy fiducial
10.000000000000004,10.200000000000003,,0,,,,False,fig7_fiducial,Galaxy fiducial
10.200000000000003,10.400000000000002,,0,,,,False,fig7_fiducial,Galaxy fiducial
10.400000000000002,10.600000000000003,,0,,,,False,fig7_fiducial,Galaxy fiducial
10.600000000000003,10.800000000000004,,0,,,,False,fig7_fiducial,Galaxy fiducial
10.800000000000004,11.000000000000004,,0,,,,False,fig7_fiducial,Galaxy fiducial
11.000000000000004,11.200000000000003,,0,,,,False,fig7_fiducial,Galaxy fiducial
11.200000000000003,11.400000000000004,,0,,,,False,fig7_fiducial,Galaxy fiducial
11.400000000000004,11.600000000000005,,0,,,,False,fig7_fiducial,Galaxy fiducial
11.600000000000005,11.800000000000004,,0,,,,False,fig7_fiducial,Galaxy fiducial
11.800000000000004,12.000000000000004,,0,,,,False,fig7_fiducial,Galaxy fiducial
6.8,7.0,,0,,,,False,fig7_conservative,Galaxy conservative
7.0,7.2,,0,,,,False,fig7_conservative,Galaxy conservative
7.2,7.4,,0,,,,False,fig7_conservative,Galaxy conservative
7.4,7.6000000000000005,,0,,,,False,fig7_conservative,Galaxy conservative
7.6000000000000005,7.800000000000001,,0,,,,False,fig7_conservative,Galaxy conservative
7.800000000000001,8.0,,0,,,,False,fig7_conservative,Galaxy conservative
8.0,8.200000000000001,,0,,,,False,fig7_conservative,Galaxy conservative
8.200000000000001,8.400000000000002,,0,,,,False,fig7_conservative,Galaxy conservative
8.400000000000002,8.600000000000001,,0,,,,False,fig7_conservative,Galaxy conservative
8.600000000000001,8.8,,0,,,,False,fig7_conservative,Galaxy conservative
8.8,9.000000000000002,,0,,,,False,fig7_conservative,Galaxy conservative
9.000000000000002,9.200000000000003,9.011329619298941,2,11.979487001704207,12.163543272602467,12.347599543500726,False,fig7_conservative,Galaxy conservative
9.200000000000003,9.400000000000002,9.288924678727536,1,11.939867804497297,11.939867804497297,11.939867804497297,False,fig7_conservative,Galaxy conservative
9.400000000000002,9.600000000000001,,0,,,,False,fig7_conservative,Galaxy conservative
9.600000000000001,9.800000000000002,,0,,,,False,fig7_conservative,Galaxy conservative
9.800000000000002,10.000000000000004,,0,,,,False,fig7_conservative,Galaxy conservative
10.000000000000004,10.200000000000003,,0,,,,False,fig7_conservative,Galaxy conservative
10.200000000000003,10.400000000000002,,0,,,,False,fig7_conservative,Galaxy conservative
10.400000000000002,10.600000000000003,,0,,,,False,fig7_conservative,Galaxy conservative
10.600000000000003,10.800000000000004,,0,,,,False,fig7_conservative,Galaxy conservative
10.800000000000004,11.000000000000004,,0,,,,False,fig7_conservative,Galaxy conservative
11.000000000000004,11.200000000000003,,0,,,,False,fig7_conservative,Galaxy conservative
11.200000000000003,11.400000000000004,,0,,,,False,fig7_conservative,Galaxy conservative
11.400000000000004,11.600000000000005,,0,,,,False,fig7_conservative,Galaxy conservative
11.600000000000005,11.800000000000004,,0,,,,False,fig7_conservative,Galaxy conservative
11.800000000000004,12.000000000000004,,0,,,,False,fig7_conservative,Galaxy conservative
