bin_lo,bin_hi,x,N,p16,median,p84,plot,Sample,Target_z
8.8,9.0,,0,,,,False,Halo M11,8
9.0,9.2,,0,,,,False,Halo M11,8
9.2,9.399999999999999,,0,,,,False,Halo M11,8
9.399999999999999,9.599999999999998,,0,,,,False,Halo M11,8
9.599999999999998,9.799999999999997,,0,,,,False,Halo M11,8
9.799999999999997,9.999999999999996,,0,,,,False,Halo M11,8
9.999999999999996,10.199999999999996,,0,,,,False,Halo M11,8
10.199999999999996,10.399999999999995,,0,,,,False,Halo M11,8
10.399999999999995,10.599999999999994,,0,,,,False,Halo M11,8
10.599999999999994,10.799999999999994,,0,,,,False,Halo M11,8
10.799999999999994,10.999999999999993,10.870387347412588,121,11.210461573340691,11.333152956072366,11.463125610494812,True,Halo M11,8
10.999999999999993,11.199999999999992,11.11042074451364,24,11.408072276826625,11.549021887459128,11.599257169120856,True,Halo M11,8
11.199999999999992,11.399999999999991,,0,,,,False,Halo M11,8
11.399999999999991,11.59999999999999,,0,,,,False,Halo M11,8
11.59999999999999,11.79999999999999,,0,,,,False,Halo M11,8
11.79999999999999,11.99999999999999,,0,,,,False,Halo M11,8
8.8,9.0,,0,,,,False,Halo M11,5
9.0,9.2,,0,,,,False,Halo M11,5
9.2,9.399999999999999,,0,,,,False,Halo M11,5
9.399999999999999,9.599999999999998,,0,,,,False,Halo M11,5
9.599999999999998,9.799999999999997,,0,,,,False,Halo M11,5
9.799999999999997,9.999999999999996,,0,,,,False,Halo M11,5
9.999999999999996,10.199999999999996,,0,,,,False,Halo M11,5
10.199999999999996,10.399999999999995,,0,,,,False,Halo M11,5
10.399999999999995,10.599999999999994,,0,,,,False,Halo M11,5
10.599999999999994,10.799999999999994,,0,,,,False,Halo M11,5
10.799999999999994,10.999999999999993,10.870387347412588,121,11.766135920285071,12.02064801790029,12.349421480352584,True,Halo M11,5
10.999999999999993,11.199999999999992,11.11042074451364,24,11.990317501455833,12.188469118645074,12.527073003977447,True,Halo M11,5
11.199999999999992,11.399999999999991,,0,,,,False,Halo M11,5
11.399999999999991,11.59999999999999,,0,,,,False,Halo M11,5
11.59999999999999,11.79999999999999,,0,,,,False,Halo M11,5
11.79999999999999,11.99999999999999,,0,,,,False,Halo M11,5
8.8,9.0,,0,,,,False,Halo M11,1
9.0,9.2,,0,,,,False,Halo M11,1
9.2,9.399999999999999,,0,,,,False,Halo M11,1
9.399999999999999,9.599999999999998,,0,,,,False,Halo M11,1
9.599999999999998,9.799999999999997,,0,,,,False,Halo M11,1
9.799999999999997,9.999999999999996,,0,,,,False,Halo M11,1
9.999999999999996,10.199999999999996,,0,,,,False,Halo M11,1
10.199999999999996,10.399999999999995,,0,,,,False,Halo M11,1
10.399999999999995,10.599999999999994,,0,,,,False,Halo M11,1
10.599999999999994,10.799999999999994,,0,,,,False,Halo M11,1
10.799999999999994,10.999999999999993,10.870387347412588,121,12.866636145765902,13.47194238257763,13.97956553223136,True,Halo M11,1
10.999999999999993,11.199999999999992,11.11042074451364,24,12.826044141118834,13.53535992551268,14.161494450285035,True,Halo M11,1
11.199999999999992,11.399999999999991,,0,,,,False,Halo M11,1
11.399999999999991,11.59999999999999,,0,,,,False,Halo M11,1
11.59999999999999,11.79999999999999,,0,,,,False,Halo M11,1
11.79999999999999,11.99999999999999,,0,,,,False,Halo M11,1
8.8,9.0,,0,,,,False,Halo M11,0
9.0,9.2,,0,,,,False,Halo M11,0
9.2,9.399999999999999,,0,,,,False,Halo M11,0
9.399999999999999,9.599999999999998,,0,,,,False,Halo M11,0
9.599999999999998,9.799999999999997,,0,,,,False,Halo M11,0
9.799999999999997,9.999999999999996,,0,,,,False,Halo M11,0
9.999999999999996,10.199999999999996,,0,,,,False,Halo M11,0
10.199999999999996,10.399999999999995,,0,,,,False,Halo M11,0
10.399999999999995,10.599999999999994,,0,,,,False,Halo M11,0
10.599999999999994,10.799999999999994,,0,,,,False,Halo M11,0
10.799999999999994,10.999999999999993,10.870387347412588,121,13.435496404668475,14.004801169836888,14.58964815418647,True,Halo M11,0
10.999999999999993,11.199999999999992,11.11042074451364,24,13.431688428822689,14.156766243367235,14.778946470684922,True,Halo M11,0
11.199999999999992,11.399999999999991,,0,,,,False,Halo M11,0
11.399999999999991,11.59999999999999,,0,,,,False,Halo M11,0
11.59999999999999,11.79999999999999,,0,,,,False,Halo M11,0
11.79999999999999,11.99999999999999,,0,,,,False,Halo M11,0
8.8,9.0,8.917968600590232,279,9.402226436015868,9.853849772349248,10.653983893945442,True,Galaxy fiducial,8
9.0,9.2,9.133052288320567,926,9.54041498105166,9.798983679984609,10.401589156993987,True,Galaxy fiducial,8
9.2,9.399999999999999,9.328656610556182,4191,9.64763833698878,9.847331947711211,10.213958702928776,True,Galaxy fiducial,8
9.399999999999999,9.599999999999998,9.514182756458421,10619,9.781338182412862,9.967296453968258,10.267647627683242,True,Galaxy fiducial,8
9.599999999999998,9.799999999999997,9.70083783787023,14451,9.951794381517507,10.14037572337317,10.412787766831368,True,Galaxy fiducial,8
9.799999999999997,9.999999999999996,9.891872015832796,12159,10.160882551729108,10.344737264855834,10.603127422582372,True,Galaxy fiducial,8
9.999999999999996,10.199999999999996,10.086103940675036,7515,10.37927196843704,10.560541113101033,10.795865797754882,True,Galaxy fiducial,8
10.199999999999996,10.399999999999995,10.284113537882712,3832,10.602325606481232,10.758184234158445,10.988933404372597,True,Galaxy fiducial,8
10.399999999999995,10.599999999999994,10.480377987879749,1735,10.802991071578376,10.967818059955256,11.19681738699784,True,Galaxy fiducial,8
10.599999999999994,10.799999999999994,10.682993511240502,734,11.013072433336237,11.157306800581516,11.358355618254713,True,Galaxy fiducial,8
10.799999999999994,10.999999999999993,10.872265526717223,253,11.22258681664607,11.37233533095771,11.52545796079689,True,Galaxy fiducial,8
10.999999999999993,11.199999999999992,11.123031952740492,59,11.489121806001965,11.563374842527466,11.61043100616723,True,Galaxy fiducial,8
11.199999999999992,11.399999999999991,11.223968116308075,13,11.541314803538013,11.547529236905351,11.622419912949773,True,Galaxy fiducial,8
11.399999999999991,11.59999999999999,11.407683030678585,7,11.918454802418099,11.918454802418099,11.918454802418099,False,Galaxy fiducial,8
11.59999999999999,11.79999999999999,,0,,,,False,Galaxy fiducial,8
11.79999999999999,11.99999999999999,,0,,,,False,Galaxy fiducial,8
8.8,9.0,8.917968600590232,281,10.410552379094268,11.142632613109589,11.775535256281973,True,Galaxy fiducial,5
9.0,9.2,9.133612682654025,918,10.24493097719403,10.899727659677374,11.61492591030082,True,Galaxy fiducial,5
9.2,9.399999999999999,9.328666829999724,4172,10.253442467693874,10.784543788815649,11.475028888181399,True,Galaxy fiducial,5
9.399999999999999,9.599999999999998,9.514076894973487,10574,10.402244999265022,10.860486487397733,11.470175249846664,True,Galaxy fiducial,5
9.599999999999998,9.799999999999997,9.70085309553727,14419,10.593541656540893,11.016283263616057,11.56058009692834,True,Galaxy fiducial,5
9.799999999999997,9.999999999999996,9.891955042773194,12128,10.795912934552703,11.192278625149365,11.691341820777795,True,Galaxy fiducial,5
9.999999999999996,10.199999999999996,10.086211065815473,7530,11.010284258587978,11.374323380623018,11.827387217647276,True,Galaxy fiducial,5
10.199999999999996,10.399999999999995,10.284219151494362,3831,11.235431984735968,11.567920956322057,11.939908167122185,True,Galaxy fiducial,5
10.399999999999995,10.599999999999994,10.480294335450507,1737,11.439350714917113,11.734765166870696,12.11283089640036,True,Galaxy fiducial,5
10.599999999999994,10.799999999999994,10.682684054648304,738,11.602608679375518,11.927819030180014,12.301780791501013,True,Galaxy fiducial,5
10.799999999999994,10.999999999999993,10.872265526717223,253,11.785066309786522,12.06863353618304,12.380950440491167,True,Galaxy fiducial,5
10.999999999999993,11.199999999999992,11.123031952740492,59,12.063047156627048,12.287280525218263,12.633185457608262,True,Galaxy fiducial,5
11.199999999999992,11.399999999999991,11.223968116308075,13,11.991744303205301,12.014027809283744,12.67045858414366,True,Galaxy fiducial,5
11.399999999999991,11.59999999999999,11.407683030678585,7,12.736433565714679,12.736433565714679,12.736433565714679,False,Galaxy fiducial,5
11.59999999999999,11.79999999999999,,0,,,,False,Galaxy fiducial,5
11.79999999999999,11.99999999999999,,0,,,,False,Galaxy fiducial,5
8.8,9.0,8.918400802996318,281,12.09744803580425,12.88182551938734,13.663254704735992,True,Galaxy fiducial,1
9.0,9.2,9.133352151501057,927,11.889029828484754,12.757506883863467,13.595583851357343,True,Galaxy fiducial,1
9.2,9.399999999999999,9.328624784340814,4192,11.723128215992674,12.59459994453244,13.525695230787862,True,Galaxy fiducial,1
9.399999999999999,9.599999999999998,9.514262047934029,10632,11.794507209159136,12.65819021547321,13.53321540038133,True,Galaxy fiducial,1
9.599999999999998,9.799999999999997,9.700889620442883,14467,11.93743800665921,12.73208653466121,13.579569044011336,True,Galaxy fiducial,1
9.799999999999997,9.999999999999996,9.891941712374734,12154,12.1096763310966,12.838822546816356,13.65076140970003,True,Galaxy fiducial,1
9.999999999999996,10.199999999999996,10.086246613609653,7533,12.261932921946327,12.948406480022454,13.725617824257423,True,Galaxy fiducial,1
10.199999999999996,10.399999999999995,10.284122219229841,3823,12.408436246092782,13.096253496314676,13.769562352853239,True,Galaxy fiducial,1
10.399999999999995,10.599999999999994,10.48022589135238,1738,12.595236333104806,13.218695135645955,13.82427115362235,True,Galaxy fiducial,1
10.599999999999994,10.799999999999994,10.682684054648304,738,12.790200499524065,13.427809332925019,14.044541782872978,True,Galaxy fiducial,1
10.799999999999994,10.999999999999993,10.872265526717223,253,12.930505622159494,13.6104336042641,14.089686351120442,True,Galaxy fiducial,1
10.999999999999993,11.199999999999992,11.123031952740492,59,12.859925092774612,13.789235734295351,14.231325811167348,True,Galaxy fiducial,1
11.199999999999992,11.399999999999991,11.223968116308075,13,12.466080908694611,13.633274697593654,14.440894615185245,True,Galaxy fiducial,1
11.399999999999991,11.59999999999999,11.407683030678585,7,14.426714707677391,14.426714707677391,14.426714707677391,False,Galaxy fiducial,1
11.59999999999999,11.79999999999999,,0,,,,False,Galaxy fiducial,1
11.79999999999999,11.99999999999999,,0,,,,False,Galaxy fiducial,1
8.8,9.0,8.918400802996318,281,12.446195308688232,13.442912721252696,14.255458508122066,True,Galaxy fiducial,0
9.0,9.2,9.133052288320567,930,12.368862015518822,13.450534700014895,14.285315508647011,True,Galaxy fiducial,0
9.2,9.399999999999999,9.328701363510344,4208,12.153626225437838,13.266162916913348,14.214604124013473,True,Galaxy fiducial,0
9.399999999999999,9.599999999999998,9.514201513293228,10664,12.253398755926568,13.307066993240284,14.230950191318767,True,Galaxy fiducial,0
9.599999999999998,9.799999999999997,9.700889620442883,14511,12.366472757302969,13.384349540816213,14.258645082048615,True,Galaxy fiducial,0
9.799999999999997,9.999999999999996,9.891876304782677,12196,12.51446981873722,13.482577147900749,14.29858832998309,True,Galaxy fiducial,0
9.999999999999996,10.199999999999996,10.08617551802129,7551,12.668269174743934,13.585417956275199,14.34223853616255,True,Galaxy fiducial,0
10.199999999999996,10.399999999999995,10.284122219229841,3841,12.84928217671515,13.707681230876188,14.379120930752162,True,Galaxy fiducial,0
10.399999999999995,10.599999999999994,10.480277036504848,1739,12.993155606134158,13.802982675858376,14.445368848656424,True,Galaxy fiducial,0
10.599999999999994,10.799999999999994,10.682684054648304,738,13.196927926375732,13.926903369299206,14.581991035003554,True,Galaxy fiducial,0
10.799999999999994,10.999999999999993,10.872265526717223,253,13.496373939286078,14.142390120719798,14.640762799601664,True,Galaxy fiducial,0
10.999999999999993,11.199999999999992,11.123031952740492,59,13.493774314199952,14.194451870465528,14.865416327508854,True,Galaxy fiducial,0
11.199999999999992,11.399999999999991,11.223968116308075,13,12.574007073759317,13.95492733979738,14.81167458540234,True,Galaxy fiducial,0
11.399999999999991,11.59999999999999,11.407683030678585,7,14.865416327508854,14.865416327508854,14.865416327508854,False,Galaxy fiducial,0
11.59999999999999,11.79999999999999,,0,,,,False,Galaxy fiducial,0
11.79999999999999,11.99999999999999,,0,,,,False,Galaxy fiducial,0
8.8,9.0,,0,,,,False,Galaxy conservative,8
9.0,9.2,,0,,,,False,Galaxy conservative,8
9.2,9.399999999999999,,0,,,,False,Galaxy conservative,8
9.399999999999999,9.599999999999998,,0,,,,False,Galaxy conservative,8
9.599999999999998,9.799999999999997,,0,,,,False,Galaxy conservative,8
9.799999999999997,9.999999999999996,,0,,,,False,Galaxy conservative,8
9.999999999999996,10.199999999999996,,0,,,,False,Galaxy conservative,8
10.199999999999996,10.399999999999995,,0,,,,False,Galaxy conservative,8
10.399999999999995,10.599999999999994,,0,,,,False,Galaxy conservative,8
10.599999999999994,10.799999999999994,,0,,,,False,Galaxy conservative,8
10.799999999999994,10.999999999999993,,0,,,,False,Galaxy conservative,8
10.999999999999993,11.199999999999992,,0,,,,False,Galaxy conservative,8
11.199999999999992,11.399999999999991,11.261080452153067,2,11.556814905211443,11.576546950361886,11.596278995512328,False,Galaxy conservative,8
11.399999999999991,11.59999999999999,11.407683030678585,1,11.918454802418099,11.918454802418099,11.918454802418099,False,Galaxy conservative,8
11.59999999999999,11.79999999999999,,0,,,,False,Galaxy conservative,8
11.79999999999999,11.99999999999999,,0,,,,False,Galaxy conservative,8
8.8,9.0,,0,,,,False,Galaxy conservative,5
9.0,9.2,,0,,,,False,Galaxy conservative,5
9.2,9.399999999999999,,0,,,,False,Galaxy conservative,5
9.399999999999999,9.599999999999998,,0,,,,False,Galaxy conservative,5
9.599999999999998,9.799999999999997,,0,,,,False,Galaxy conservative,5
9.799999999999997,9.999999999999996,,0,,,,False,Galaxy conservative,5
9.999999999999996,10.199999999999996,,0,,,,False,Galaxy conservative,5
10.199999999999996,10.399999999999995,,0,,,,False,Galaxy conservative,5
10.399999999999995,10.599999999999994,,0,,,,False,Galaxy conservative,5
10.599999999999994,10.799999999999994,,0,,,,False,Galaxy conservative,5
10.799999999999994,10.999999999999993,,0,,,,False,Galaxy conservative,5
10.999999999999993,11.199999999999992,,0,,,,False,Galaxy conservative,5
11.199999999999992,11.399999999999991,11.261080452153067,2,12.140392964422736,12.35262123350914,12.564849502595544,False,Galaxy conservative,5
11.399999999999991,11.59999999999999,11.407683030678585,1,12.736433565714679,12.736433565714679,12.736433565714679,False,Galaxy conservative,5
11.59999999999999,11.79999999999999,,0,,,,False,Galaxy conservative,5
11.79999999999999,11.99999999999999,,0,,,,False,Galaxy conservative,5
8.8,9.0,,0,,,,False,Galaxy conservative,1
9.0,9.2,,0,,,,False,Galaxy conservative,1
9.2,9.399999999999999,,0,,,,False,Galaxy conservative,1
9.399999999999999,9.599999999999998,,0,,,,False,Galaxy conservative,1
9.599999999999998,9.799999999999997,,0,,,,False,Galaxy conservative,1
9.799999999999997,9.999999999999996,,0,,,,False,Galaxy conservative,1
9.999999999999996,10.199999999999996,,0,,,,False,Galaxy conservative,1
10.199999999999996,10.399999999999995,,0,,,,False,Galaxy conservative,1
10.399999999999995,10.599999999999994,,0,,,,False,Galaxy conservative,1
10.599999999999994,10.799999999999994,,0,,,,False,Galaxy conservative,1
10.799999999999994,10.999999999999993,,0,,,,False,Galaxy conservative,1
10.999999999999993,11.199999999999992,,0,,,,False,Galaxy conservative,1
11.199999999999992,11.399999999999991,11.261080452153067,2,13.39646580923091,13.590222714659905,13.7839796200889,False,Galaxy conservative,1
11.399999999999991,11.59999999999999,11.407683030678585,1,14.426714707677391,14.426714707677391,14.426714707677391,False,Galaxy conservative,1
11.59999999999999,11.79999999999999,,0,,,,False,Galaxy conservative,1
11.79999999999999,11.99999999999999,,0,,,,False,Galaxy conservative,1
8.8,9.0,,0,,,,False,Galaxy conservative,0
9.0,9.2,,0,,,,False,Galaxy conservative,0
9.2,9.399999999999999,,0,,,,False,Galaxy conservative,0
9.399999999999999,9.599999999999998,,0,,,,False,Galaxy conservative,0
9.599999999999998,9.799999999999997,,0,,,,False,Galaxy conservative,0
9.799999999999997,9.999999999999996,,0,,,,False,Galaxy conservative,0
9.999999999999996,10.199999999999996,,0,,,,False,Galaxy conservative,0
10.199999999999996,10.399999999999995,,0,,,,False,Galaxy conservative,0
10.399999999999995,10.599999999999994,,0,,,,False,Galaxy conservative,0
10.599999999999994,10.799999999999994,,0,,,,False,Galaxy conservative,0
10.799999999999994,10.999999999999993,,0,,,,False,Galaxy conservative,0
10.999999999999993,11.199999999999992,,0,,,,False,Galaxy conservative,0
11.199999999999992,11.399999999999991,11.261080452153067,2,13.982800981644006,14.042032470568087,14.101263959492167,False,Galaxy conservative,0
11.399999999999991,11.59999999999999,11.407683030678585,1,14.865416327508854,14.865416327508854,14.865416327508854,False,Galaxy conservative,0
11.59999999999999,11.79999999999999,,0,,,,False,Galaxy conservative,0
11.79999999999999,11.99999999999999,,0,,,,False,Galaxy conservative,0
