bin_lo,bin_hi,count,PDF_dex^-1
9.200000000000001,9.4,0,0.0
9.4,9.6,0,0.0
9.6,9.799999999999999,0,0.0
9.799999999999999,9.999999999999998,0,0.0
9.999999999999998,10.199999999999998,0,0.0
10.199999999999998,10.399999999999997,0,0.0
10.399999999999997,10.599999999999996,0,0.0
10.599999999999996,10.799999999999995,0,0.0
10.799999999999995,10.999999999999995,0,0.0
10.999999999999995,11.199999999999994,0,0.0
11.199999999999994,11.399999999999993,0,0.0
11.399999999999993,11.599999999999993,0,0.0
11.599999999999993,11.799999999999992,0,0.0
11.799999999999992,11.999999999999991,0,0.0
11.999999999999991,12.19999999999999,0,0.0
12.19999999999999,12.39999999999999,0,0.0
12.39999999999999,12.599999999999989,1,0.03448275862068978
12.599999999999989,12.799999999999988,4,0.13793103448275912
12.799999999999988,12.999999999999988,6,0.20689655172413868
12.999999999999988,13.199999999999987,6,0.20689655172413868
13.199999999999987,13.399999999999986,5,0.1724137931034489
13.399999999999986,13.599999999999985,15,0.5172413793103466
13.599999999999985,13.799999999999985,20,0.6896551724137956
13.799999999999985,13.999999999999984,14,0.4827586206896569
13.999999999999984,14.199999999999983,23,0.7931034482758649
14.199999999999983,14.399999999999983,16,0.5517241379310365
14.399999999999983,14.599999999999982,12,0.41379310344827736
14.599999999999982,14.799999999999981,11,0.3793103448275876
14.799999999999981,14.99999999999998,7,0.24137931034482846
14.99999999999998,15.19999999999998,5,0.1724137931034489
15.19999999999998,15.399999999999979,0,0.0
15.399999999999979,15.599999999999978,0,0.0
